sol,t_min_c,t_max_c,t_mean_c,dust_max,pressure_mean_pa,thermal_load_mean_kw,dust_storm_flag
0,-83.79,-27.52,-54.97625,0.176,609.4125,26.942083333333333,0
1,-84.24,-26.0,-54.94083333333333,0.201,610.35,26.930000000000003,0
2,-83.36,-25.36,-55.109583333333326,0.168,611.6541666666667,26.989166666666666,0
3,-83.51,-26.7,-55.288333333333334,0.178,611.1208333333333,27.051666666666666,0
4,-83.88,-26.04,-55.34458333333333,0.2,611.7583333333333,27.071250000000003,0
5,-84.82,-25.18,-55.24125,0.203,612.3791666666667,27.034166666666668,0
6,-84.34,-25.36,-54.67583333333334,0.189,612.475,26.83583333333333,0
7,-84.63,-25.43,-54.66583333333333,0.217,612.975,26.832916666666666,0
8,-82.66,-27.44,-55.083333333333336,0.183,613.3416666666667,26.979166666666668,0
9,-81.68,-25.07,-54.80375,0.203,612.9166666666666,26.88,0
10,-84.03,-26.46,-54.90833333333333,0.185,613.3166666666667,26.918333333333333,0
11,-83.19,-26.12,-54.85166666666667,0.2,613.2875,26.898750000000003,0
12,-84.4,-28.66,-55.31333333333333,0.202,613.9250000000001,27.059583333333336,0
13,-85.42,-26.2,-55.21333333333333,0.214,615.2958333333333,27.024583333333336,0
14,-84.53,-25.63,-55.09,0.191,614.9250000000001,26.980833333333333,0
15,-87.57,-26.97,-55.82458333333333,0.185,616.5583333333333,27.238333333333333,0
16,-83.69,-25.85,-55.27791666666667,0.193,614.4708333333333,27.0475,0
17,-82.14,-25.82,-54.981249999999996,0.205,616.1291666666667,26.942916666666665,0
18,-87.6,-26.77,-55.322916666666664,0.215,616.5708333333333,27.063333333333333,0
19,-84.99,-25.73,-55.138749999999995,0.214,617.0749999999999,26.999166666666667,0
20,-83.88,-26.85,-55.004583333333336,0.201,617.5625,26.95041666666667,0
21,-82.37,-24.54,-55.145,0.203,618.7624999999999,27.00125,0
22,-84.8,-25.57,-55.09833333333333,0.193,617.4833333333333,26.984583333333333,0
23,-86.36,-27.8,-55.29,0.198,619.0333333333333,27.052083333333332,0
24,-84.15,-25.49,-55.39291666666667,0.199,620.0458333333333,27.08791666666667,0
25,-81.88,-26.19,-54.74541666666667,0.192,619.4583333333334,26.86125,0
26,-82.72,-26.36,-55.15541666666667,0.223,619.85,27.00375,0
27,-87.06,-26.07,-54.80291666666667,0.204,619.9083333333333,26.88083333333333,0
28,-84.36,-26.9,-55.32666666666666,0.191,620.6041666666666,27.064999999999998,0
29,-82.79,-25.61,-54.57041666666667,0.205,621.2416666666667,26.799166666666665,0
30,-84.29,-25.81,-54.77458333333333,0.212,620.9041666666667,26.87125,0
31,-83.5,-27.39,-55.501666666666665,0.207,621.8000000000001,27.124583333333334,0
32,-86.0,-26.99,-55.51541666666666,0.213,621.1,27.129166666666666,0
33,-84.24,-27.17,-55.14166666666667,0.209,622.2541666666667,26.999166666666667,0
34,-84.26,-26.43,-54.942499999999995,0.235,622.5124999999999,26.93041666666667,0
35,-83.26,-25.53,-54.62708333333333,0.19,623.8583333333333,26.81833333333333,0
36,-83.12,-25.04,-54.92333333333334,0.192,622.5625,26.923333333333332,0
37,-81.55,-25.31,-54.61333333333334,0.201,623.2583333333333,26.815,0
38,-85.89,-24.51,-55.02875,0.207,624.3208333333333,26.959166666666665,0
39,-84.63,-27.01,-54.923750000000005,0.225,624.2291666666666,26.923333333333332,0
40,-83.21,-25.18,-55.61958333333333,0.208,624.5416666666666,27.16541666666667,0
41,-85.21,-27.07,-54.98374999999999,0.196,624.4833333333333,26.94541666666667,0
42,-84.31,-27.38,-54.949999999999996,0.201,625.8291666666667,26.932083333333335,0
43,-85.77,-26.57,-54.93125,0.234,625.7041666666667,26.92625,0
44,-84.33,-27.37,-54.30416666666667,0.211,626.7166666666667,26.707083333333333,0
45,-83.6,-26.14,-55.150416666666665,0.209,626.4583333333334,27.00208333333333,0
46,-86.52,-26.66,-54.73041666666666,0.221,626.0125,26.85625,0
47,-82.66,-23.7,-55.1275,0.209,627.4708333333333,26.994583333333335,0
48,-81.78,-25.12,-54.59583333333333,0.221,627.9,26.808333333333334,0
49,-85.23,-27.16,-55.32,0.206,629.0416666666666,27.062083333333334,0
50,-82.46,-26.03,-55.21958333333333,0.214,627.7708333333334,27.027083333333334,0
51,-83.36,-25.96,-54.77291666666667,0.201,627.6458333333334,26.869583333333335,0
52,-83.28,-25.6,-54.58916666666667,0.225,629.1666666666666,26.805000000000003,0
53,-84.31,-25.32,-54.461666666666666,0.216,628.1291666666667,26.760416666666668,0
54,-83.79,-24.88,-55.155833333333334,0.209,630.125,27.00583333333333,0
55,-84.72,-24.94,-55.12708333333333,0.224,628.6458333333334,26.99416666666667,0
56,-82.98,-25.38,-54.63833333333333,0.217,629.5375,26.823333333333334,0
57,-83.06,-28.28,-54.91041666666666,0.215,630.2208333333333,26.91875,0
58,-86.42,-27.77,-55.33541666666667,0.228,629.4541666666667,27.06833333333333,0
59,-82.84,-23.24,-54.585,0.209,630.975,26.80333333333333,0
60,-83.33,-27.46,-54.92958333333333,0.22,631.3958333333334,26.925416666666667,0
61,-86.28,-26.92,-55.57791666666666,0.227,630.7208333333333,27.152083333333334,0
62,-83.34,-24.74,-54.848749999999995,0.24,632.3791666666667,26.89708333333333,0
63,-84.92,-26.83,-55.435,0.214,631.875,27.102083333333336,0
64,-84.8,-28.32,-55.314166666666665,0.229,631.7416666666667,27.060000000000002,0
65,-83.72,-27.01,-55.05625,0.221,632.8791666666667,26.969583333333333,0
66,-85.44,-27.2,-55.685,0.22,634.0458333333333,27.189166666666665,0
67,-84.53,-26.08,-55.175000000000004,0.26,633.4958333333333,27.011666666666667,0
68,-83.46,-26.39,-55.42166666666666,0.215,633.0208333333334,27.097916666666666,0
69,-83.58,-26.26,-55.06166666666667,0.225,634.7791666666667,26.971666666666668,0
70,-85.85,-26.36,-54.96,0.222,633.9208333333333,26.936666666666667,0
71,-82.85,-26.37,-55.01166666666666,0.217,634.3041666666667,26.953333333333333,0
72,-84.78,-26.04,-55.54708333333334,0.227,635.9791666666666,27.140416666666667,0
73,-84.55,-26.83,-55.107499999999995,0.219,634.7708333333334,26.988333333333333,0
74,-82.8,-25.42,-54.156666666666666,0.202,634.2291666666666,26.65416666666667,0
75,-84.31,-26.62,-54.70458333333334,0.231,636.1958333333333,26.84625,0
76,-82.99,-26.65,-55.068333333333335,0.205,636.7875,26.97375,0
77,-83.66,-26.48,-55.16125,0.197,635.5749999999999,27.006666666666664,0
78,-83.4,-27.72,-55.022083333333335,0.237,636.3208333333333,26.958333333333332,0
79,-83.12,-24.59,-54.9075,0.216,637.2833333333333,26.918333333333333,0
80,-84.57,-25.53,-55.17958333333333,0.218,637.9125,27.013333333333332,0
81,-85.1,-26.26,-54.87291666666667,0.241,636.5708333333333,26.905416666666667,0
82,-82.4,-24.06,-55.00833333333333,0.225,638.2708333333334,26.9525,0
83,-86.77,-26.66,-55.05875,0.22,636.8583333333333,26.97083333333333,0
84,-84.37,-26.35,-55.70875,0.239,638.5875,27.197916666666668,0
85,-84.26,-26.43,-55.199999999999996,0.221,638.6,27.019583333333333,0
86,-84.01,-26.05,-55.43875,0.212,638.8333333333334,27.10375,0
87,-84.39,-27.2,-54.8175,0.221,639.6875,26.887083333333333,0
88,-85.95,-25.98,-55.02041666666667,0.212,640.0708333333333,26.957083333333333,0
89,-84.85,-28.29,-55.29083333333333,0.227,640.0166666666667,27.051666666666666,0
90,-84.81,-25.96,-55.46041666666667,0.235,639.7291666666666,27.110833333333332,0
91,-83.43,-25.44,-54.72875,0.233,639.5416666666666,26.85625,0
92,-83.63,-26.58,-55.126666666666665,0.236,640.35,26.995,0
93,-82.24,-27.5,-55.407916666666665,0.252,640.0625,27.0925,0
94,-82.86,-26.87,-55.32041666666667,0.227,639.9458333333333,27.062083333333334,0
95,-83.59,-24.84,-54.96125,0.226,640.85,26.93625,0
96,-83.05,-26.69,-54.74,0.214,640.525,26.859166666666667,0
97,-83.13,-25.78,-55.27916666666667,0.228,641.4791666666666,27.047916666666666,0
98,-81.35,-24.13,-54.85874999999999,0.215,641.4375,26.90125,0
99,-82.58,-26.83,-54.98541666666667,0.221,642.5958333333333,26.944166666666664,0
100,-84.16,-26.9,-54.6325,0.219,642.8000000000001,26.820833333333336,0
101,-83.74,-26.61,-55.19083333333333,0.226,641.9499999999999,27.015833333333333,0
102,-83.82,-27.75,-54.98500000000001,0.235,642.9125,26.94333333333333,0
103,-83.27,-26.18,-55.665416666666665,0.215,642.7916666666666,27.18166666666667,0
104,-86.21,-25.84,-54.6525,0.224,643.7208333333333,26.8275,0
105,-84.29,-25.71,-54.706250000000004,0.244,642.9499999999999,26.84583333333333,0
106,-84.86,-25.92,-55.384166666666665,0.231,644.0916666666667,27.084999999999997,0
107,-84.65,-27.15,-55.91291666666667,0.23,643.7333333333333,27.268333333333334,0
108,-83.05,-27.64,-54.92166666666666,0.23,643.7541666666667,26.921666666666667,0
109,-84.84,-27.56,-55.04625000000001,0.233,643.8874999999999,26.966250000000002,0
110,-85.81,-26.59,-55.20791666666667,0.222,643.85,27.022916666666664,0
111,-85.61,-27.66,-55.69125,0.232,644.5958333333333,27.19125,0
112,-83.65,-27.42,-54.91083333333333,0.237,645.0583333333333,26.919166666666666,0
113,-82.91,-25.78,-54.791666666666664,0.221,644.4,26.876666666666665,0
114,-84.53,-26.69,-55.22833333333333,0.231,646.0583333333333,27.030833333333334,0
115,-85.34,-26.85,-55.04708333333334,0.233,644.5958333333333,26.9675,0
116,-85.63,-28.57,-54.94875,0.244,645.8708333333333,26.9325,0
117,-82.79,-25.78,-54.82041666666667,0.227,645.1125000000001,26.886666666666667,0
118,-82.37,-27.1,-54.751666666666665,0.225,644.8249999999999,26.862916666666667,0
119,-84.6,-25.86,-54.78791666666667,0.237,646.0124999999999,26.87625,0
120,-82.14,-24.28,-54.61000000000001,0.228,645.7208333333333,26.814166666666665,0
121,-82.55,-24.33,-54.6675,0.228,647.1125000000001,26.8325,0
122,-84.89,-28.19,-55.36375,0.241,646.5,27.0775,0
123,-84.91,-27.2,-55.06708333333333,0.24,646.7375000000001,26.97458333333333,0
124,-82.37,-25.28,-54.61083333333334,0.231,646.5375,26.81458333333333,0
125,-85.85,-26.0,-55.31166666666667,0.235,647.775,27.05875,0
126,-84.23,-26.53,-55.16,0.231,647.3125,27.00583333333333,0
127,-84.18,-26.24,-54.7175,0.23,647.0,26.851249999999997,0
128,-84.84,-24.99,-54.690416666666664,0.23,647.8541666666666,26.8425,0
129,-84.21,-26.49,-54.877916666666664,0.226,647.7291666666666,26.907083333333333,0
130,-83.06,-26.6,-54.91625,0.223,648.0208333333334,26.92,0
131,-82.19,-25.87,-54.999583333333334,0.236,647.7458333333333,26.949583333333333,0
132,-84.68,-27.29,-54.970416666666665,0.231,647.4166666666666,26.93958333333333,0
133,-82.95,-25.65,-55.54624999999999,0.244,648.1208333333333,27.142083333333332,0
134,-83.05,-27.96,-55.435833333333335,0.226,648.7166666666667,27.102500000000003,0
135,-82.69,-23.67,-54.776250000000005,0.228,648.0541666666667,26.871666666666666,0
136,-83.93,-26.86,-54.989583333333336,0.241,649.1583333333333,26.94541666666667,0
137,-82.19,-24.84,-54.659166666666664,0.237,648.9083333333333,26.830416666666665,0
138,-84.35,-27.24,-55.10583333333333,0.226,648.525,26.98625,0
139,-84.29,-25.33,-54.98291666666666,0.226,649.8625000000001,26.942916666666665,0
140,-82.09,-26.3,-54.8525,0.231,648.5,26.89833333333333,0
141,-84.47,-24.92,-54.975,0.237,650.1666666666666,26.941666666666666,0
142,-84.0,-26.09,-54.89541666666667,0.236,649.6875,26.912916666666664,0
143,-84.17,-28.02,-55.064166666666665,0.233,649.1583333333333,26.972083333333334,0
144,-82.91,-27.58,-55.199999999999996,0.229,648.9250000000001,27.019583333333333,0
145,-80.57,-25.64,-54.98791666666667,0.232,648.7791666666667,26.945833333333336,0
146,-83.88,-26.09,-55.044999999999995,0.245,650.5041666666667,26.965,0
147,-83.57,-26.39,-54.965833333333336,0.244,649.4041666666667,26.937916666666666,0
148,-85.84,-26.75,-54.85791666666666,0.231,648.1208333333333,26.900833333333335,0
149,-83.13,-27.31,-54.78333333333333,0.246,649.5458333333333,26.874583333333334,0
150,-82.83,-25.84,-54.49583333333334,0.242,650.5666666666667,26.772499999999997,0
151,-84.61,-25.73,-55.04333333333333,0.24,648.5375,26.965833333333332,0
152,-82.36,-25.94,-54.86875,0.222,649.2333333333333,26.903333333333336,0
153,-83.48,-27.15,-55.135,0.229,649.5666666666667,26.997500000000002,0
154,-85.84,-27.1,-54.90708333333333,0.243,648.5166666666667,26.918333333333333,0
155,-85.15,-26.15,-54.97208333333333,0.234,651.025,26.93958333333333,0
156,-84.97,-23.7,-54.626666666666665,0.244,649.7583333333333,26.819999999999997,0
157,-82.4,-23.56,-54.33166666666667,0.225,650.0958333333333,26.716250000000002,0
158,-81.95,-27.97,-55.24583333333334,0.262,650.2624999999999,27.035416666666666,0
159,-83.6,-26.42,-55.038333333333334,0.239,650.0375,26.964583333333334,0
160,-84.52,-27.84,-55.15,0.245,648.875,27.001666666666665,0
161,-84.42,-24.0,-54.82125,0.228,650.6750000000001,26.8875,0
162,-83.01,-28.62,-55.29208333333333,0.241,650.5708333333333,27.0525,0
163,-83.31,-25.81,-54.645,0.255,650.7666666666667,26.825833333333335,0
164,-84.12,-24.77,-54.622083333333336,0.234,650.5458333333333,26.817083333333333,0
165,-85.86,-27.15,-55.0425,0.24,650.1041666666666,26.965416666666666,0
166,-83.12,-24.02,-54.434583333333336,0.244,650.5875,26.75125,0
167,-83.67,-27.2,-55.05916666666667,0.258,650.7125,26.970416666666665,0
168,-82.95,-25.2,-54.91291666666667,0.236,650.4250000000001,26.91875,0
169,-83.7,-24.69,-54.83041666666667,0.223,649.9625,26.89,0
170,-85.07,-27.47,-55.379999999999995,0.25,649.7041666666667,27.082916666666666,0
171,-86.15,-27.06,-56.08916666666667,0.231,649.8708333333333,27.33125,0
172,-83.0,-26.39,-55.06041666666667,0.233,649.4,26.971249999999998,0
173,-81.66,-27.44,-55.04083333333333,0.245,650.225,26.965,0
174,-82.69,-27.04,-55.03458333333333,0.244,648.7833333333333,26.96166666666667,0
175,-84.48,-24.81,-54.89125000000001,0.231,649.25,26.911666666666665,0
176,-83.09,-25.94,-54.7775,0.248,649.9083333333334,26.872083333333336,0
177,-83.11,-25.26,-54.82666666666666,0.241,649.4625,26.889583333333334,0
178,-82.71,-24.95,-55.13458333333333,0.22,649.4875000000001,26.99791666666667,0
179,-83.88,-24.91,-55.052083333333336,0.255,649.8041666666667,26.967916666666667,0
180,-92.6,-32.95,-63.747083333333336,2.996,664.8125,42.01583333333333,1
181,-91.93,-37.62,-64.39416666666666,3.004,664.1083333333333,42.33166666666667,1
182,-94.71,-34.61,-64.33916666666667,3.051,664.7416666666667,42.305416666666666,1
183,-91.34,-34.94,-64.53541666666666,3.012,664.1666666666666,42.402499999999996,1
184,-94.73,-33.95,-64.15208333333334,3.072,664.1791666666667,42.21541666666666,1
185,-94.75,-34.12,-65.24958333333333,3.044,664.375,42.75208333333333,1
186,-93.94,-38.22,-64.965,3.232,663.275,42.61375,1
187,-93.52,-37.72,-64.79125,3.142,664.775,42.526666666666664,1
188,-94.73,-34.57,-64.93958333333333,3.174,663.3874999999999,42.600833333333334,1
189,-93.19,-35.13,-65.32000000000001,3.333,665.1708333333333,42.786249999999995,1
190,-93.43,-36.19,-65.06583333333333,3.254,665.3375,42.662083333333335,1
191,-96.19,-36.55,-65.19833333333334,3.231,664.3041666666667,42.72625,1
192,-91.42,-36.03,-65.31666666666666,3.331,663.2541666666667,42.78541666666666,1
193,-94.52,-36.52,-65.6125,3.431,662.8458333333333,42.93083333333333,1
194,-94.69,-37.67,-65.20791666666666,3.379,663.4958333333333,42.73208333333333,1
195,-94.98,-33.46,-65.7675,3.376,663.7833333333333,43.007083333333334,1
196,-95.76,-37.19,-66.01,3.443,662.9083333333333,43.125,1
197,-95.44,-37.47,-65.29625,3.421,662.5208333333334,42.77583333333333,1
198,-93.84,-35.88,-65.655,3.457,662.1041666666666,42.951249999999995,1
199,-93.8,-36.09,-66.065,3.517,663.4250000000001,43.1525,1
200,-94.8,-35.67,-65.82666666666667,3.506,662.4833333333333,43.03583333333333,1
201,-92.42,-36.19,-65.42208333333333,3.59,664.2958333333333,42.83583333333333,1
202,-94.11,-37.07,-66.20916666666666,3.507,662.6208333333333,43.2225,1
203,-96.13,-35.87,-66.36125,3.544,663.0625,43.29666666666666,1
204,-96.85,-36.52,-66.21875,3.622,662.4291666666667,43.22625,1
205,-95.21,-36.68,-66.29333333333334,3.536,662.4666666666667,43.26291666666666,1
206,-96.72,-37.99,-66.75375,3.567,663.3666666666667,43.48916666666667,1
207,-96.68,-37.34,-65.91208333333334,3.591,662.8291666666667,43.07791666666666,1
208,-97.1,-36.54,-66.76208333333334,3.629,662.1875,43.494166666666665,1
209,-95.19,-38.84,-66.65083333333332,3.579,662.8041666666667,43.437916666666666,1
210,-94.66,-36.89,-66.70041666666667,3.634,661.0625,43.464166666666664,1
211,-95.41,-37.61,-66.57208333333334,3.667,661.9083333333333,43.401250000000005,1
212,-97.09,-38.52,-66.77166666666666,3.557,662.4583333333334,43.49791666666667,1
213,-96.71,-36.29,-66.09625,3.595,662.2583333333333,43.16833333333333,1
214,-95.27,-36.41,-66.78041666666667,3.609,660.8125,43.502916666666664,1
215,-95.21,-38.92,-66.61791666666666,3.63,660.9458333333333,43.42291666666667,1
216,-96.57,-35.91,-66.37,3.605,661.3625000000001,43.30166666666667,1
217,-95.79,-36.31,-66.37666666666667,3.544,660.8958333333334,43.30375,1
218,-93.64,-37.88,-66.70333333333333,3.507,660.6833333333333,43.46458333333334,1
219,-94.27,-38.84,-66.34625,3.447,660.1791666666667,43.28875,1
220,-97.14,-38.61,-66.89874999999999,3.46,661.0875,43.56041666666667,1
221,-93.91,-38.0,-66.45416666666667,3.463,660.3666666666667,43.34166666666667,1
222,-93.7,-37.13,-66.31291666666667,3.513,659.9291666666667,43.27291666666667,1
223,-95.74,-37.64,-66.16541666666667,3.582,660.4041666666667,43.20166666666666,1
224,-96.61,-36.87,-66.27208333333333,3.538,658.6458333333334,43.25375,1
225,-95.97,-38.8,-66.39333333333333,3.508,659.2333333333333,43.3125,1
226,-92.64,-38.18,-65.94625,3.455,657.7791666666666,43.093333333333334,1
227,-93.83,-37.78,-66.00208333333333,3.383,659.0833333333334,43.12125,1
228,-95.14,-35.56,-65.45791666666666,3.431,658.3083333333333,42.85458333333333,1
229,-93.49,-35.94,-65.72541666666667,3.335,657.7166666666667,42.986250000000005,1
230,-94.36,-37.31,-65.91250000000001,3.368,657.7041666666667,43.07666666666666,1
231,-94.41,-37.52,-65.57458333333334,3.342,657.9625,42.911249999999995,1
232,-93.72,-35.46,-65.18583333333333,3.26,657.4208333333333,42.72083333333333,1
233,-97.65,-37.21,-66.07541666666667,3.287,656.6166666666667,43.15625,1
234,-92.08,-36.95,-65.22458333333334,3.183,656.8166666666667,42.74041666666667,1
235,-93.02,-37.2,-65.345,3.164,656.7708333333334,42.79833333333334,1
236,-94.65,-36.39,-65.23625,3.183,657.8291666666667,42.74541666666667,1
237,-95.15,-35.62,-65.83166666666666,3.235,656.3541666666666,43.03791666666667,1
238,-92.32,-38.45,-64.59875,3.142,656.8791666666667,42.434583333333336,1
239,-92.34,-36.36,-64.52,3.085,657.2666666666667,42.39416666666667,1
240,-94.27,-36.07,-64.53583333333333,3.19,656.525,42.402499999999996,1
241,-91.82,-35.08,-63.92958333333333,2.972,656.5875,42.10458333333333,1
242,-93.05,-34.44,-64.54208333333334,2.945,655.2583333333333,42.405,1
243,-92.57,-37.81,-64.07916666666667,2.969,656.2375000000001,42.17958333333333,1
244,-93.78,-37.62,-64.3975,3.075,655.0083333333333,42.335,1
245,-91.99,-36.52,-64.50625000000001,3.031,654.6833333333333,42.38833333333333,1
246,-95.89,-37.13,-64.72083333333333,3.11,654.1916666666667,42.49375,1
247,-92.81,-34.93,-65.42666666666666,3.104,654.3208333333333,42.83916666666667,1
248,-92.96,-36.97,-64.57125,3.103,653.5916666666667,42.419583333333335,1
249,-99.53,-36.77,-65.47083333333333,3.194,653.2375,42.86083333333334,1
250,-95.3,-37.09,-65.08125,3.105,652.625,42.669999999999995,1
251,-94.23,-36.32,-64.92,3.223,652.5583333333333,42.59083333333333,1
252,-95.7,-35.39,-65.28833333333334,3.168,652.8708333333333,42.77041666666667,1
253,-94.84,-35.63,-65.27833333333334,3.289,652.4291666666667,42.76583333333334,1
254,-93.93,-36.94,-65.62875,3.327,651.3625000000001,42.93833333333333,1
255,-93.37,-35.99,-65.19875,3.397,652.4416666666667,42.72833333333333,1
256,-94.47,-36.69,-65.87458333333333,3.279,651.6583333333334,43.05875,1
257,-92.84,-35.42,-65.59041666666667,3.475,652.6666666666666,42.91916666666666,1
258,-95.48,-38.75,-65.56791666666668,3.529,650.9875000000001,42.90833333333333,1
259,-95.37,-36.17,-65.50083333333333,3.406,651.7041666666667,42.87416666666667,1
260,-95.08,-38.41,-65.77458333333333,3.421,650.5875,43.009166666666665,1
261,-83.06,-27.39,-55.51541666666666,0.215,635.7166666666667,27.131666666666664,0
262,-83.25,-27.92,-54.61958333333333,0.211,634.8000000000001,26.81625,0
263,-82.16,-25.64,-55.208333333333336,0.213,635.9208333333333,27.02208333333333,0
264,-84.29,-25.82,-54.74208333333333,0.222,633.8541666666666,26.859583333333333,0
265,-83.81,-24.51,-55.156666666666666,0.213,634.4833333333333,27.005416666666665,0
266,-85.04,-25.63,-55.312916666666666,0.227,634.0124999999999,27.059166666666666,0
267,-82.03,-28.47,-54.981249999999996,0.226,633.6416666666667,26.9425,0
268,-83.55,-25.61,-55.262499999999996,0.209,632.1458333333334,27.0425,0
269,-82.61,-26.59,-55.085,0.204,634.4,26.980416666666667,0
270,-83.33,-27.87,-54.88041666666666,0.218,632.9291666666667,26.907916666666665,0
271,-83.41,-25.21,-55.17166666666666,0.199,632.0291666666667,27.010833333333334,0
272,-84.01,-26.61,-55.27791666666667,0.226,631.7166666666667,27.047916666666666,0
273,-84.03,-26.3,-55.197916666666664,0.232,632.9499999999999,27.02,0
274,-82.49,-26.17,-54.86041666666667,0.218,631.5791666666667,26.90125,0
275,-83.23,-27.45,-54.82041666666667,0.218,631.3583333333333,26.887083333333333,0
276,-84.71,-28.39,-55.66166666666667,0.205,630.3625,27.182083333333335,0
277,-84.42,-23.22,-54.73166666666666,0.21,630.85,26.85625,0
278,-87.45,-25.62,-55.12875,0.209,629.2916666666666,26.995416666666667,0
279,-84.26,-26.69,-55.29291666666666,0.204,630.35,27.052083333333332,0
280,-82.4,-27.2,-54.70416666666667,0.213,628.6458333333334,26.846666666666664,0
281,-82.42,-26.44,-55.36875,0.212,629.15,27.078333333333333,0
282,-83.45,-27.53,-54.54666666666666,0.24,629.2166666666667,26.790833333333335,0
283,-84.19,-26.22,-55.74791666666667,0.204,628.475,27.212083333333336,0
284,-84.53,-26.44,-55.42208333333334,0.21,628.9375,27.0975,0
285,-83.24,-24.63,-54.60458333333333,0.202,628.7416666666667,26.81125,0
286,-85.15,-26.09,-54.98416666666666,0.213,627.8833333333333,26.94458333333333,0
287,-83.03,-27.1,-54.95583333333334,0.211,627.3249999999999,26.934583333333332,0
288,-83.1,-25.06,-54.754999999999995,0.206,627.2416666666667,26.864583333333332,0
289,-83.92,-27.46,-55.52583333333333,0.207,626.3375,27.13416666666667,0
290,-82.73,-27.4,-55.07666666666666,0.208,626.3333333333334,26.977083333333336,0
291,-85.29,-27.73,-55.35791666666666,0.205,625.9166666666666,27.074583333333333,0
292,-82.27,-26.87,-54.90541666666667,0.223,625.5041666666667,26.9175,0
293,-86.56,-24.9,-55.250416666666666,0.2,624.6625,27.03833333333333,0
294,-84.74,-25.67,-55.17666666666667,0.214,624.5291666666667,27.011666666666667,0
295,-83.6,-26.36,-55.342083333333335,0.217,623.8874999999999,27.06958333333333,0
296,-83.06,-26.54,-55.06,0.198,623.7958333333333,26.97083333333333,0
297,-83.57,-26.44,-55.30875,0.202,623.5,27.057916666666667,0
298,-83.78,-25.23,-54.57333333333333,0.198,623.9583333333334,26.800833333333333,0
299,-84.27,-27.02,-55.430416666666666,0.205,622.9791666666666,27.100416666666664,0
300,-82.3,-27.64,-54.625416666666666,0.211,622.3333333333334,26.819166666666664,0
301,-83.86,-26.97,-55.14791666666667,0.209,622.0375,27.001666666666665,0
302,-83.34,-27.69,-54.98083333333333,0.196,622.4833333333333,26.943749999999998,0
303,-84.82,-24.49,-54.925000000000004,0.202,621.9250000000001,26.924166666666668,0
304,-83.12,-27.04,-54.752916666666664,0.194,620.0375,26.862916666666667,0
305,-82.45,-25.84,-55.17791666666667,0.212,620.5208333333334,27.012083333333333,0
306,-84.98,-28.08,-55.30125,0.201,620.4958333333333,27.05541666666667,0
307,-83.26,-24.33,-54.475,0.206,620.8333333333334,26.7675,0
308,-82.0,-27.39,-55.11708333333333,0.185,620.3916666666667,26.990416666666665,0
309,-85.21,-28.25,-55.99875,0.184,618.6208333333333,27.3,0
310,-85.01,-26.03,-55.08916666666667,0.193,619.7583333333333,26.98,0
311,-83.5,-26.87,-55.52041666666667,0.206,618.7291666666666,27.13291666666667,0
312,-83.65,-24.29,-54.721666666666664,0.206,619.225,26.852083333333336,0
313,-82.51,-27.25,-55.23291666666666,0.195,617.7791666666667,27.03125,0
314,-86.1,-28.23,-55.14333333333334,0.207,618.0208333333334,27.000833333333333,0
315,-82.36,-24.81,-55.22833333333333,0.197,617.1125000000001,27.028333333333332,0
316,-82.97,-27.17,-55.02,0.197,616.8125,26.958333333333332,0
317,-82.24,-28.11,-55.201249999999995,0.199,616.1750000000001,27.021666666666665,0
318,-85.74,-25.8,-55.5725,0.203,616.6166666666667,27.150833333333335,0
319,-85.17,-26.84,-55.22083333333333,0.204,615.7125,27.026666666666667,0
320,-84.15,-25.88,-55.017500000000005,0.194,615.0083333333333,26.955833333333334,0
321,-84.75,-25.98,-54.77583333333333,0.193,615.125,26.870833333333334,0
322,-84.32,-25.34,-54.48374999999999,0.201,614.5666666666667,26.769166666666667,0
323,-84.38,-25.26,-55.365,0.196,614.7708333333334,27.077916666666667,0
324,-82.5,-27.03,-54.57083333333333,0.199,613.8416666666667,26.8,0
325,-82.34,-28.46,-55.17583333333334,0.198,612.7208333333333,27.011666666666667,0
326,-83.36,-27.04,-55.382083333333334,0.195,612.9916666666667,27.0825,0
327,-83.67,-29.24,-55.14833333333333,0.205,612.5,27.00125,0
328,-83.93,-27.19,-54.88708333333333,0.178,612.3708333333333,26.91125,0
329,-86.46,-26.36,-55.48083333333333,0.172,611.8083333333333,27.118750000000002,0
330,-85.27,-25.98,-55.13958333333333,0.178,611.1291666666667,26.99875,0
331,-84.68,-25.41,-54.70666666666667,0.188,611.0541666666667,26.847083333333334,0
332,-87.37,-26.21,-55.49458333333334,0.199,611.5500000000001,27.123333333333335,0
333,-83.27,-27.07,-54.85791666666666,0.167,610.5583333333333,26.900833333333335,0
334,-84.18,-25.0,-54.67458333333334,0.186,609.7041666666667,26.835416666666664,0
335,-84.3,-25.55,-55.41416666666667,0.188,608.8874999999999,27.09625,0
336,-84.3,-24.98,-55.12291666666667,0.182,609.3833333333333,26.993750000000002,0
337,-83.57,-26.43,-54.9125,0.191,608.5083333333333,26.919583333333335,0
338,-83.6,-25.97,-54.52291666666667,0.181,608.1666666666666,26.78333333333333,0
339,-84.88,-28.28,-55.17458333333334,0.252,608.4666666666667,27.010833333333334,0
340,-81.95,-27.92,-55.26458333333333,0.209,607.5875,27.0425,0
341,-84.63,-28.0,-55.080000000000005,0.185,607.9458333333333,26.978333333333335,0
342,-82.69,-25.96,-54.71875,0.181,607.8249999999999,26.851249999999997,0
343,-86.63,-24.09,-55.24041666666667,0.2,606.9666666666667,27.03333333333333,0
344,-82.84,-26.36,-54.377916666666664,0.184,606.5,26.732083333333332,0
345,-83.69,-27.96,-54.821666666666665,0.207,606.3333333333334,26.887083333333333,0
346,-82.7,-24.93,-54.61958333333334,0.187,605.0958333333333,26.817083333333333,0
347,-84.19,-24.41,-54.73916666666667,0.194,605.6,26.859583333333333,0
348,-84.6,-24.84,-54.6225,0.205,604.6999999999999,26.81833333333333,0
349,-84.56,-24.75,-54.68375,0.187,604.1333333333333,26.839166666666667,0
350,-82.48,-27.78,-55.07541666666666,0.205,603.6875,26.97583333333333,0
351,-84.33,-25.94,-55.18666666666667,0.186,604.9708333333333,27.015416666666667,0
352,-82.92,-25.86,-55.187916666666666,0.199,603.6374999999999,27.015,0
353,-83.78,-25.62,-54.885416666666664,0.195,603.6041666666666,26.910416666666666,0
354,-84.06,-25.48,-54.73041666666666,0.192,602.6875,26.855,0
355,-84.34,-27.53,-55.26541666666666,0.186,601.3083333333333,27.0425,0
356,-81.86,-28.18,-55.23833333333334,0.182,602.0708333333333,27.034166666666664,0
357,-84.48,-26.85,-55.24875,0.213,602.0041666666667,27.03708333333333,0
358,-83.92,-24.93,-54.956250000000004,0.197,601.4708333333333,26.935000000000002,0
359,-84.67,-26.68,-55.17416666666667,0.203,600.6750000000001,27.010833333333334,0
360,-83.6,-26.33,-54.856249999999996,0.186,600.5791666666667,26.90125,0
361,-83.37,-25.53,-54.17916666666667,0.199,599.625,26.662499999999998,0
362,-82.95,-25.33,-54.98375000000001,0.207,599.5,26.94458333333333,0
363,-86.16,-25.72,-55.45166666666666,0.204,598.3333333333334,27.1075,0
364,-85.27,-27.74,-55.04666666666666,0.202,599.5208333333334,26.96666666666667,0
365,-82.03,-24.36,-54.70458333333334,0.199,599.6625,26.846249999999998,0
366,-83.36,-26.99,-54.80916666666667,0.196,598.1458333333334,26.883333333333336,0
367,-82.36,-26.91,-54.82208333333333,0.209,597.3333333333334,26.887083333333333,0
368,-82.89,-28.43,-55.01958333333334,0.207,598.1374999999999,26.9575,0
369,-82.48,-26.96,-55.190416666666664,0.203,596.75,27.016666666666666,0
370,-83.32,-26.72,-55.317499999999995,0.2,597.3958333333334,27.06041666666667,0
371,-82.39,-25.88,-55.385,0.207,595.95,27.08458333333333,0
372,-85.48,-26.4,-55.34,0.212,596.8875,27.068749999999998,0
373,-84.27,-25.71,-55.59708333333333,0.219,596.5375,27.15833333333333,0
374,-83.8,-27.53,-55.114583333333336,0.202,594.7125,26.989583333333332,0
375,-84.64,-25.99,-54.626666666666665,0.21,594.3708333333333,26.81958333333333,0
376,-84.64,-28.33,-55.37833333333333,0.207,594.8916666666667,27.082916666666666,0
377,-83.62,-23.2,-54.33041666666667,0.212,593.8583333333333,26.717083333333335,0
378,-80.92,-27.52,-54.63041666666667,0.211,592.9458333333333,26.82166666666667,0
379,-81.87,-27.32,-55.122083333333336,0.199,592.7708333333334,26.99208333333333,0
380,-82.81,-26.3,-55.255,0.213,593.2375000000001,27.039166666666663,0
381,-84.92,-25.88,-54.89875,0.221,591.9499999999999,26.914583333333336,0
382,-84.68,-25.22,-55.2275,0.209,593.0208333333334,27.030416666666667,0
383,-84.09,-27.99,-54.94375,0.222,592.7916666666666,26.93041666666667,0
384,-85.22,-27.55,-55.375,0.227,591.1958333333333,27.0825,0
385,-84.58,-25.86,-55.26708333333334,0.227,591.3249999999999,27.043333333333333,0
386,-83.93,-27.72,-54.79791666666667,0.216,591.6291666666667,26.87875,0
387,-85.12,-26.27,-54.95208333333333,0.221,590.7666666666667,26.934583333333336,0
388,-85.62,-24.72,-55.63166666666667,0.21,590.4041666666667,27.17125,0
389,-82.13,-26.47,-54.57333333333333,0.215,589.9833333333333,26.800416666666667,0
390,-82.31,-25.84,-55.00958333333333,0.199,590.9416666666667,26.953333333333333,0
391,-83.2,-28.02,-55.43208333333333,0.211,590.5541666666667,27.10166666666667,0
392,-83.19,-27.2,-55.307500000000005,0.193,589.9083333333333,27.0575,0
393,-82.51,-26.43,-54.906666666666666,0.199,589.3583333333333,26.916666666666668,0
394,-85.3,-25.76,-54.812083333333334,0.211,588.4791666666666,26.885,0
395,-84.49,-24.66,-55.17583333333334,0.22,589.4208333333333,27.011666666666667,0
396,-86.57,-26.18,-55.409166666666664,0.224,587.7041666666667,27.0925,0
397,-84.21,-26.4,-55.26333333333333,0.205,587.9166666666666,27.042083333333334,0
398,-85.48,-24.48,-55.06375,0.231,588.1416666666667,26.9725,0
399,-86.96,-26.37,-55.520833333333336,0.22,586.5291666666667,27.132499999999997,0
400,-84.91,-23.66,-54.82833333333334,0.217,586.75,26.890416666666667,0
401,-82.95,-26.32,-55.12583333333333,0.208,586.4291666666667,26.993333333333336,0
402,-83.45,-23.73,-54.94583333333333,0.217,585.9291666666667,26.932083333333335,0
403,-85.0,-27.89,-55.279583333333335,0.213,586.0041666666667,27.047916666666666,0
404,-81.7,-27.62,-55.06166666666667,0.224,586.775,26.971666666666668,0
405,-84.03,-25.35,-54.52458333333333,0.212,585.8541666666666,26.7825,0
406,-84.69,-26.14,-55.41791666666666,0.248,585.0124999999999,27.09583333333333,0
407,-83.95,-27.11,-55.07666666666666,0.216,585.0375,26.977500000000003,0
408,-83.98,-26.35,-55.06,0.207,585.4708333333333,26.97125,0
409,-84.37,-28.22,-54.99375,0.214,583.1458333333334,26.9475,0
410,-84.06,-27.9,-54.57458333333333,0.221,583.0,26.80125,0
411,-84.55,-28.58,-54.93208333333333,0.219,584.6125000000001,26.925416666666667,0
412,-86.25,-27.14,-55.147083333333335,0.211,583.9833333333333,27.00125,0
413,-85.47,-27.19,-55.06458333333333,0.236,582.9583333333334,26.97375,0
414,-82.81,-27.0,-54.83041666666667,0.226,582.9208333333333,26.89,0
415,-83.88,-25.46,-54.86333333333334,0.209,581.7958333333333,26.901666666666667,0
416,-82.57,-24.12,-54.76958333333334,0.218,582.2125,26.868750000000002,0
417,-84.75,-27.82,-55.062083333333334,0.232,582.4583333333334,26.9725,0
418,-83.46,-25.24,-54.8375,0.227,582.4791666666666,26.892916666666665,0
419,-82.92,-26.62,-55.580000000000005,0.231,582.0541666666667,27.153333333333332,0
420,-81.57,-24.85,-54.54916666666667,0.22,580.5583333333333,26.792916666666667,0
421,-83.46,-27.59,-55.10333333333333,0.229,580.8791666666667,26.987083333333334,0
422,-84.52,-23.69,-55.213750000000005,0.227,580.5958333333333,27.024583333333336,0
423,-82.72,-27.09,-54.89541666666667,0.231,581.2125,26.912499999999998,0
424,-84.4,-24.86,-55.10999999999999,0.239,580.1166666666667,26.988333333333333,0
425,-82.21,-28.37,-54.91416666666667,0.21,579.2708333333334,26.92,0
426,-83.45,-26.04,-55.0325,0.219,579.6,26.962083333333336,0
427,-85.71,-24.79,-54.447916666666664,0.22,579.6166666666667,26.756666666666664,0
428,-85.02,-27.5,-55.384166666666665,0.213,577.9791666666666,27.084999999999997,0
429,-85.68,-26.07,-54.708333333333336,0.224,578.7791666666667,26.848333333333333,0
430,-85.09,-24.76,-55.21875,0.228,579.375,27.026666666666667,0
431,-83.56,-25.71,-54.715833333333336,0.222,578.5749999999999,26.849999999999998,0
432,-84.51,-27.73,-55.1025,0.231,576.7416666666667,26.987916666666667,0
433,-84.57,-27.83,-55.607499999999995,0.219,577.7416666666667,27.162916666666664,0
434,-83.08,-25.42,-54.63125,0.215,577.125,26.821250000000003,0
435,-83.68,-25.67,-55.22625,0.246,577.9916666666667,27.03,0
436,-82.66,-27.76,-55.32791666666666,0.216,576.4208333333333,27.06458333333333,0
437,-83.31,-25.26,-55.062083333333334,0.224,576.775,26.97083333333333,0
438,-84.07,-26.67,-55.15958333333333,0.23,576.5291666666667,27.00583333333333,0
439,-86.04,-27.02,-55.475,0.249,575.9499999999999,27.11583333333333,0
440,-86.84,-24.43,-54.59,0.239,577.1208333333333,26.80666666666667,0
441,-84.19,-25.42,-54.82833333333334,0.224,577.2708333333334,26.890416666666667,0
442,-81.43,-22.63,-54.68208333333333,0.234,576.225,26.838333333333335,0
443,-85.58,-25.76,-55.06625,0.218,575.9833333333333,26.972916666666666,0
444,-83.95,-26.11,-54.82875000000001,0.23,575.8541666666666,26.889166666666668,0
445,-84.5,-25.51,-55.24375,0.234,576.2166666666667,27.036666666666665,0
446,-81.76,-24.33,-54.30625,0.231,575.775,26.70625,0
447,-83.66,-25.68,-55.24208333333333,0.209,576.0916666666667,27.034583333333334,0
448,-83.12,-24.99,-54.43083333333333,0.227,575.3458333333333,26.750416666666666,0
449,-84.39,-25.95,-54.61000000000001,0.236,574.1875,26.8125,0
450,-84.59,-26.05,-54.989583333333336,0.229,574.1416666666667,26.946250000000003,0
451,-84.57,-27.28,-55.24916666666667,0.232,575.3333333333334,27.037916666666664,0
452,-83.97,-25.85,-55.055416666666666,0.245,574.0208333333334,26.969166666666666,0
453,-84.67,-26.46,-55.630833333333335,0.227,573.5583333333333,27.17125,0
454,-84.41,-25.59,-54.73458333333334,0.235,573.7875,26.858333333333334,0
455,-84.62,-23.71,-55.27708333333334,0.24,573.5416666666666,27.047916666666666,0
456,-84.21,-26.94,-55.25375,0.249,573.625,27.03833333333333,0
457,-85.24,-25.27,-54.870416666666664,0.225,572.4708333333333,26.905,0
458,-84.08,-26.93,-54.757083333333334,0.235,573.2416666666667,26.865416666666665,0
459,-83.35,-28.52,-55.092083333333335,0.221,574.2541666666667,26.982083333333335,0
460,-84.88,-26.29,-54.29291666666666,0.231,573.5791666666667,26.703333333333333,0
461,-83.78,-26.37,-54.69625,0.232,572.4875000000001,26.844583333333333,0
462,-82.97,-26.57,-54.59625,0.236,573.2624999999999,26.807916666666667,0
463,-83.26,-25.23,-54.93416666666667,0.237,571.5958333333333,26.925833333333333,0
464,-84.31,-23.8,-54.8375,0.239,572.9375,26.8925,0
465,-82.94,-27.53,-54.81166666666667,0.251,572.4541666666667,26.88291666666667,0
466,-83.39,-25.92,-54.5975,0.241,573.4958333333333,26.809583333333332,0
467,-85.45,-26.66,-54.843333333333334,0.236,571.8708333333333,26.895416666666666,0
468,-84.91,-27.98,-55.25208333333333,0.247,571.1750000000001,27.037916666666664,0
469,-83.78,-29.87,-54.81166666666667,0.232,570.8666666666667,26.88416666666667,0
470,-83.69,-27.25,-55.16625,0.238,571.3625000000001,27.008750000000003,0
471,-84.55,-24.11,-54.82416666666666,0.245,571.0541666666667,26.88875,0
472,-84.66,-25.05,-54.6475,0.233,571.9666666666667,26.82625,0
473,-85.3,-27.22,-55.75875,0.242,570.65,27.217083333333335,0
474,-83.46,-25.74,-55.043749999999996,0.229,570.6,26.965,0
475,-83.1,-25.0,-54.979166666666664,0.237,571.6458333333334,26.942916666666665,0
476,-84.95,-25.06,-55.149166666666666,0.252,572.4083333333334,27.003333333333334,0
477,-81.67,-27.26,-54.98374999999999,0.239,571.9166666666666,26.943749999999998,0
478,-82.35,-23.76,-54.80916666666667,0.245,570.6208333333333,26.883333333333336,0
479,-84.28,-25.26,-54.8525,0.229,571.3916666666667,26.899583333333336,0
480,-85.6,-25.11,-55.37291666666667,0.242,569.8041666666667,27.082083333333333,0
481,-82.93,-26.9,-55.145,0.237,569.7791666666667,27.00125,0
482,-84.44,-26.63,-54.64125000000001,0.25,570.1916666666667,26.824583333333333,0
483,-83.94,-25.01,-55.193333333333335,0.231,570.6999999999999,27.017916666666665,0
484,-83.4,-28.23,-55.21958333333333,0.247,570.7458333333333,27.027083333333334,0
485,-82.27,-26.41,-55.315,0.246,570.2916666666666,27.06,0
486,-83.48,-25.04,-55.07458333333333,0.244,570.325,26.977083333333336,0
487,-83.96,-27.07,-55.28875,0.229,570.1666666666666,27.05125,0
488,-84.04,-27.33,-55.151250000000005,0.237,569.6958333333333,27.002499999999998,0
489,-82.81,-26.99,-55.034166666666664,0.244,569.8333333333334,26.962500000000002,0
490,-84.32,-27.33,-54.73791666666667,0.226,569.4666666666667,26.857916666666668,0
491,-85.13,-25.59,-54.83708333333333,0.233,570.0791666666667,26.892083333333332,0
492,-82.19,-26.27,-55.010416666666664,0.244,569.8791666666667,26.952916666666667,0
493,-84.59,-24.0,-55.340833333333336,0.25,570.4083333333333,27.06958333333333,0
494,-84.19,-27.12,-54.982499999999995,0.241,569.9041666666666,26.943749999999998,0
495,-86.87,-27.78,-55.16916666666666,0.25,569.7666666666667,27.00916666666667,0
496,-83.29,-27.61,-55.0675,0.238,569.5416666666666,26.972916666666666,0
497,-84.08,-26.5,-54.669999999999995,0.241,570.5333333333333,26.83375,0
498,-83.75,-26.95,-54.94833333333333,0.231,571.1625,26.931250000000002,0
499,-82.02,-26.23,-54.807500000000005,0.257,569.7333333333333,26.88291666666667,0
500,-85.17,-25.83,-54.79958333333334,0.246,569.0500000000001,26.879166666666666,0
501,-82.3,-27.35,-55.07375,0.238,570.0833333333334,26.974999999999998,0
502,-84.5,-27.74,-55.344166666666666,0.237,569.3666666666667,27.07041666666667,0
503,-82.32,-23.38,-54.33708333333333,0.25,569.2583333333333,26.7175,0
504,-85.6,-26.03,-54.9075,0.234,570.4666666666667,26.9175,0
505,-86.69,-26.81,-55.348749999999995,0.234,569.6125000000001,27.071250000000003,0
506,-83.9,-24.72,-55.012499999999996,0.226,571.0958333333333,26.954583333333332,0
507,-82.67,-26.44,-54.419999999999995,0.235,570.0166666666667,26.747083333333332,0
508,-81.77,-24.21,-55.004583333333336,0.238,570.4166666666666,26.952916666666667,0
509,-83.77,-24.3,-55.12625,0.269,570.2041666666667,26.993750000000002,0
510,-81.68,-24.82,-54.28333333333333,0.232,568.975,26.699166666666667,0
511,-85.04,-24.07,-54.44375,0.239,570.8583333333333,26.75583333333333,0
512,-82.51,-25.76,-54.397083333333335,0.242,569.3375,26.739583333333332,0
513,-83.38,-25.9,-55.33375,0.237,571.0583333333333,27.066666666666666,0
514,-83.42,-26.83,-55.29333333333333,0.27,569.0333333333333,27.0525,0
515,-83.59,-25.96,-54.06,0.226,570.5333333333333,26.620416666666667,0
516,-82.53,-24.07,-54.82375,0.235,569.8541666666666,26.887916666666666,0
517,-81.03,-27.21,-54.9725,0.232,569.9916666666667,26.94,0
518,-83.78,-26.44,-55.501666666666665,0.227,570.3583333333333,27.126666666666665,0
519,-84.4,-26.4,-55.54,0.233,570.4,27.139166666666668,0
520,-83.11,-25.93,-54.775,0.237,571.9583333333334,26.872083333333332,0
521,-82.61,-27.62,-54.887499999999996,0.251,571.0541666666667,26.912499999999998,0
522,-84.07,-27.46,-55.2725,0.23,569.8583333333333,27.045833333333334,0
523,-83.5,-25.38,-55.177083333333336,0.243,569.6875,27.013333333333332,0
524,-81.92,-24.61,-55.16291666666667,0.224,571.6541666666667,27.00583333333333,0
525,-85.62,-27.07,-55.15833333333333,0.225,570.9499999999999,27.005,0
526,-83.05,-25.95,-55.214166666666664,0.232,570.4666666666667,27.024583333333336,0
527,-82.2,-27.22,-54.56833333333333,0.247,570.4958333333333,26.79875,0
528,-83.52,-26.27,-55.54749999999999,0.239,571.0500000000001,27.14125,0
529,-83.06,-23.54,-54.629999999999995,0.244,569.5833333333334,26.82041666666667,0
530,-84.46,-28.41,-55.65541666666667,0.251,571.3249999999999,27.179166666666664,0
531,-83.71,-26.22,-55.08625,0.248,571.9458333333333,26.980416666666667,0
532,-83.14,-25.77,-55.05416666666667,0.25,572.0,26.969583333333333,0
533,-83.47,-27.8,-54.772083333333335,0.23,571.5083333333333,26.87,0
534,-84.58,-26.59,-54.660833333333336,0.231,572.0291666666667,26.83125,0
535,-82.02,-29.28,-54.88625,0.244,572.1,26.910833333333333,0
536,-80.98,-29.11,-55.60583333333333,0.225,571.5416666666666,27.162499999999998,0
537,-85.59,-26.72,-54.66416666666667,0.255,571.8583333333333,26.832916666666666,0
538,-83.86,-26.43,-54.725833333333334,0.237,572.4166666666666,26.854166666666668,0
539,-84.74,-28.37,-55.495,0.248,573.3291666666667,27.12375,0
540,-84.63,-26.46,-55.00625,0.251,572.6541666666667,26.952083333333334,0
541,-80.06,-26.2,-54.72083333333333,0.244,573.3166666666667,26.852083333333336,0
542,-84.08,-25.71,-54.8775,0.236,572.5208333333334,26.9075,0
543,-84.37,-27.0,-54.747083333333336,0.221,572.9125,26.86125,0
544,-84.26,-28.11,-55.03458333333333,0.246,573.7875,26.962083333333336,0
545,-82.38,-25.22,-54.56125,0.228,573.3166666666667,26.79625,0
546,-82.56,-26.77,-55.45083333333333,0.249,573.9250000000001,27.1075,0
547,-84.42,-25.99,-54.9775,0.228,573.4708333333333,26.942083333333333,0
548,-83.45,-26.48,-54.617916666666666,0.258,574.25,26.81625,0
549,-82.6,-27.71,-55.20249999999999,0.231,574.6416666666667,27.020833333333332,0
550,-84.18,-26.22,-54.68666666666667,0.24,575.0124999999999,26.840416666666666,0
551,-84.29,-25.9,-54.62833333333333,0.227,573.1,26.81958333333333,0
552,-83.11,-26.13,-54.94583333333333,0.228,574.5166666666667,26.930833333333336,0
553,-83.61,-27.37,-54.67291666666667,0.226,575.1166666666667,26.834999999999997,0
554,-81.31,-27.35,-54.345,0.24,573.4625,26.720416666666665,0
555,-84.58,-25.02,-54.689166666666665,0.227,575.7583333333333,26.84,0
556,-84.28,-27.34,-55.349583333333335,0.225,575.9041666666667,27.072083333333335,0
557,-81.27,-26.8,-54.96208333333333,0.24,574.4125,26.935833333333335,0
558,-83.88,-25.63,-55.195,0.243,575.7875,27.017083333333332,0
559,-84.54,-27.8,-55.094166666666666,0.233,574.3666666666667,26.982916666666668,0
560,-84.05,-25.63,-54.93083333333333,0.236,575.9916666666667,26.92458333333333,0
561,-82.78,-24.17,-54.7425,0.254,576.4541666666667,26.85875,0
562,-84.22,-27.31,-55.18,0.226,576.7416666666667,27.013333333333335,0
563,-81.82,-27.99,-55.194583333333334,0.226,576.0416666666666,27.01875,0
564,-83.9,-26.62,-55.17250000000001,0.221,576.6833333333333,27.010416666666668,0
565,-87.27,-26.27,-55.115833333333335,0.219,577.5500000000001,26.990416666666665,0
566,-84.3,-27.8,-54.850833333333334,0.216,577.8416666666667,26.89708333333333,0
567,-83.19,-25.35,-55.12041666666667,0.229,577.7666666666667,26.991666666666664,0
568,-86.77,-26.34,-54.7575,0.227,578.6291666666667,26.864583333333332,0
569,-84.1,-25.75,-54.99333333333333,0.226,577.5083333333333,26.947916666666668,0
570,-85.46,-25.13,-55.31583333333333,0.223,579.1416666666667,27.06041666666667,0
571,-83.9,-26.18,-55.803333333333335,0.242,578.025,27.231666666666666,0
572,-85.06,-26.51,-55.195,0.228,578.9,27.017916666666668,0
573,-81.99,-26.0,-55.31375,0.213,579.3375,27.06125,0
574,-83.1,-28.24,-55.435833333333335,0.228,579.3583333333333,27.102500000000003,0
575,-83.7,-25.16,-55.07916666666667,0.217,579.1833333333333,26.978333333333335,0
576,-84.08,-26.71,-55.24208333333333,0.242,579.1999999999999,27.035416666666666,0
577,-83.53,-24.8,-55.01916666666667,0.241,579.4416666666667,26.956666666666667,0
578,-81.22,-20.96,-54.456250000000004,0.213,579.3125,26.759583333333335,0
579,-83.16,-27.48,-55.147083333333335,0.245,579.7791666666666,27.001666666666665,0
580,-86.51,-26.65,-55.537083333333335,0.23,580.7791666666667,27.137916666666666,0
581,-84.03,-25.8,-54.83375,0.234,580.6958333333333,26.891666666666666,0
582,-82.65,-26.63,-55.23083333333333,0.237,582.025,27.031666666666666,0
583,-84.87,-25.78,-55.57875000000001,0.24,581.8958333333334,27.15125,0
584,-82.93,-25.54,-55.32666666666666,0.219,580.6958333333333,27.064999999999998,0
585,-86.11,-26.15,-55.562083333333334,0.223,582.0583333333333,27.147499999999997,0
586,-84.66,-26.61,-55.61208333333334,0.207,582.2416666666667,27.16416666666667,0
587,-82.18,-25.3,-54.66375,0.227,582.975,26.8325,0
588,-85.13,-24.34,-54.745416666666664,0.213,581.7833333333333,26.861666666666665,0
589,-85.95,-24.54,-54.77625,0.221,582.4083333333333,26.871666666666666,0
590,-83.36,-27.65,-55.42249999999999,0.211,583.1458333333334,27.09958333333333,0
591,-84.91,-26.44,-55.043749999999996,0.22,583.2125,26.965416666666666,0
592,-83.55,-24.42,-54.88583333333333,0.212,582.7333333333333,26.91,0
593,-82.88,-24.55,-54.435,0.228,583.475,26.752916666666664,0
594,-85.67,-27.38,-55.29791666666667,0.233,583.9541666666667,27.053749999999997,0
595,-82.61,-25.83,-54.42666666666667,0.218,584.75,26.75,0
596,-83.68,-27.6,-54.8025,0.214,585.2416666666667,26.88083333333333,0
597,-84.55,-27.57,-55.240833333333335,0.213,586.4,27.034583333333334,0
598,-84.12,-28.02,-55.38,0.223,584.3375,27.082083333333333,0
599,-85.64,-26.36,-54.77708333333334,0.22,584.9666666666667,26.87291666666667,0
600,-82.43,-24.72,-54.72541666666667,0.232,585.3000000000001,26.854583333333334,0
601,-81.56,-27.29,-54.452916666666674,0.21,586.0208333333334,26.75916666666667,0
602,-83.07,-26.67,-54.64041666666666,0.225,585.0041666666667,26.825,0
603,-84.22,-27.58,-55.37125,0.224,587.2291666666666,27.08,0
604,-86.14,-25.54,-55.20916666666667,0.203,586.7416666666667,27.023750000000003,0
605,-83.62,-27.8,-54.95375000000001,0.232,587.6833333333333,26.933333333333334,0
606,-82.39,-25.23,-54.34375,0.215,588.7708333333334,26.721666666666664,0
607,-85.74,-27.27,-55.77333333333333,0.217,588.9875000000001,27.220416666666665,0
608,-82.65,-26.73,-54.564166666666665,0.208,589.0666666666667,26.798333333333332,0
609,-83.25,-27.19,-54.86375,0.219,589.0583333333333,26.901666666666667,0
610,-83.76,-24.04,-54.65708333333333,0.227,589.9041666666667,26.829583333333332,0
611,-84.19,-25.43,-54.915416666666665,0.202,589.7541666666667,26.919583333333335,0
612,-83.67,-27.13,-55.26833333333334,0.206,590.1083333333333,27.04375,0
613,-82.95,-24.77,-55.088750000000005,0.227,589.9250000000001,26.980833333333333,0
614,-81.8,-27.82,-55.27916666666667,0.202,590.0541666666667,27.047916666666666,0
615,-85.12,-27.38,-55.213750000000005,0.222,590.5291666666667,27.024583333333336,0
616,-83.37,-27.79,-54.49541666666667,0.211,591.0375,26.773750000000003,0
617,-82.63,-25.74,-54.03208333333333,0.205,591.4041666666667,26.610833333333332,0
618,-85.06,-27.22,-54.80416666666667,0.201,592.4375,26.88208333333333,0
619,-83.81,-25.53,-54.71458333333334,0.209,591.9666666666667,26.85083333333333,0
620,-82.42,-26.44,-54.927083333333336,0.235,591.4499999999999,26.925833333333333,0
621,-82.27,-27.77,-54.80625,0.196,593.4083333333333,26.882500000000004,0
622,-83.57,-27.4,-55.73375000000001,0.213,593.3041666666667,27.20625,0
623,-83.11,-26.46,-54.83041666666667,0.213,593.5916666666667,26.890833333333333,0
624,-85.26,-24.67,-55.11041666666667,0.216,593.3125,26.9875,0
625,-83.39,-22.48,-54.59041666666667,0.198,593.5083333333333,26.807916666666667,0
626,-85.8,-26.17,-55.17958333333333,0.195,594.35,27.012083333333333,0
627,-81.86,-27.45,-54.90958333333333,0.206,595.2583333333333,26.91875,0
628,-83.24,-26.55,-54.8975,0.206,594.1,26.914583333333336,0
629,-84.42,-26.81,-54.75333333333333,0.209,595.4541666666667,26.864166666666666,0
630,-84.7,-26.84,-55.19625,0.206,595.6374999999999,27.01875,0
631,-82.37,-27.72,-55.17541666666667,0.228,594.65,27.012083333333333,0
632,-83.83,-26.73,-55.047083333333326,0.197,596.7791666666667,26.966250000000002,0
633,-85.35,-27.24,-55.406666666666666,0.188,596.6791666666667,27.0925,0
634,-82.57,-26.42,-55.25125,0.209,596.8333333333334,27.037916666666664,0
635,-83.78,-25.47,-55.3125,0.205,597.1750000000001,27.059166666666666,0
636,-85.88,-26.7,-54.99875,0.208,597.0375,26.949583333333333,0
637,-82.11,-24.63,-54.840833333333336,0.202,598.6833333333333,26.894166666666667,0
638,-84.4,-25.79,-54.788333333333334,0.21,599.0166666666667,26.875416666666666,0
639,-84.07,-24.12,-55.206250000000004,0.194,598.6166666666667,27.022499999999997,0
640,-83.52,-27.66,-55.24166666666667,0.201,598.6458333333334,27.034166666666664,0
641,-84.88,-27.57,-55.22083333333333,0.213,600.3208333333333,27.02625,0
642,-83.78,-23.94,-54.85375,0.195,599.7375000000001,26.898750000000003,0
643,-82.93,-24.28,-54.82083333333333,0.183,601.5916666666667,26.887083333333333,0
644,-84.55,-27.13,-55.55416666666667,0.2,599.65,27.14375,0
645,-82.84,-27.24,-55.07833333333334,0.206,601.4875000000001,26.977500000000003,0
646,-83.3,-27.96,-55.03708333333333,0.187,601.2125,26.964583333333334,0
647,-83.59,-25.01,-55.28583333333333,0.197,601.4416666666667,27.049166666666665,0
648,-81.8,-28.3,-54.94916666666666,0.201,602.7541666666667,26.932916666666667,0
649,-83.3,-26.36,-55.05291666666667,0.212,603.525,26.96875,0
650,-82.71,-24.71,-55.1325,0.196,603.0625,26.995416666666667,0
651,-83.43,-26.31,-54.690416666666664,0.194,603.6166666666667,26.842083333333335,0
652,-81.25,-23.36,-54.43083333333333,0.205,603.4375,26.75125,0
653,-84.86,-25.36,-55.442499999999995,0.2,604.1541666666667,27.104583333333334,0
654,-85.64,-26.57,-55.04916666666667,0.224,603.9791666666666,26.967916666666667,0
655,-81.98,-25.81,-54.67958333333333,0.187,605.3541666666666,26.838333333333335,0
656,-82.55,-25.91,-55.20083333333333,0.198,604.8249999999999,27.020416666666666,0
657,-81.3,-24.2,-54.63916666666666,0.198,605.1958333333333,26.823333333333334,0
658,-83.62,-24.96,-55.209583333333335,0.203,605.6041666666666,27.02333333333333,0
659,-82.97,-25.48,-55.01541666666666,0.187,606.3791666666667,26.955,0
660,-84.65,-26.09,-54.87625,0.183,607.3249999999999,26.906666666666666,0
661,-84.45,-27.29,-54.88125,0.186,606.7208333333333,26.907083333333333,0
662,-83.75,-25.72,-55.5725,0.202,606.7375000000001,27.150833333333335,0
663,-84.13,-25.14,-54.86416666666667,0.195,608.35,26.903333333333332,0
664,-82.26,-27.71,-54.935,0.198,608.375,26.9275,0
665,-83.17,-23.88,-54.6175,0.224,609.3958333333334,26.81625,0
666,-83.75,-27.63,-55.19958333333333,0.197,608.8583333333333,27.020416666666666,0
667,-83.02,-25.7,-55.0075,0.184,609.6833333333333,26.952916666666667,0
668,-83.72,-27.02,-54.88583333333333,0.171,610.6166666666667,26.91,0
669,-81.58,-27.27,-54.5975,0.215,610.4041666666667,26.809583333333332,0
670,-83.11,-25.66,-55.03958333333333,0.187,610.3708333333333,26.964166666666667,0
671,-81.89,-27.11,-54.406666666666666,0.181,610.3625000000001,26.741666666666664,0
672,-84.01,-27.78,-55.750416666666666,0.182,611.3625000000001,27.212083333333336,0
673,-84.07,-25.06,-55.08208333333334,0.189,611.8458333333333,26.979583333333334,0
674,-82.07,-26.23,-55.34041666666667,0.197,610.6583333333333,27.068749999999998,0
675,-83.17,-25.31,-54.79750000000001,0.198,612.7375000000001,26.879166666666666,0
676,-83.45,-26.92,-55.41291666666667,0.209,612.3625000000001,27.095,0
677,-82.12,-25.95,-54.532916666666665,0.179,612.7291666666666,26.786666666666665,0
678,-83.09,-26.94,-54.8725,0.214,613.4208333333333,26.904583333333335,0
679,-83.21,-26.26,-54.57041666666667,0.193,614.0416666666666,26.800833333333333,0
680,-84.38,-23.53,-54.80125,0.21,614.1791666666667,26.88,0
681,-83.96,-23.42,-54.94291666666667,0.202,614.7166666666667,26.930833333333336,0
682,-81.87,-25.68,-54.772083333333335,0.196,614.8458333333333,26.86916666666667,0
683,-83.59,-26.24,-55.0,0.18,614.9833333333333,26.949583333333333,0
684,-84.14,-25.76,-54.83541666666667,0.188,616.1791666666667,26.892916666666665,0
685,-83.83,-27.81,-55.49458333333333,0.198,616.3291666666667,27.12291666666667,0
686,-84.35,-27.21,-54.806666666666665,0.187,617.3125,26.881666666666664,0
687,-81.82,-25.71,-54.696666666666665,0.192,617.8125,26.844166666666666,0
688,-82.7,-23.85,-54.70083333333333,0.204,617.0416666666666,26.845,0
689,-82.69,-26.2,-54.73041666666666,0.187,617.9458333333333,26.854583333333334,0
690,-83.09,-27.33,-55.07916666666667,0.19,617.3708333333333,26.977500000000003,0
691,-83.58,-25.49,-54.595,0.206,618.4208333333333,26.807916666666667,0
692,-85.28,-26.68,-55.17041666666666,0.203,618.3958333333334,27.010833333333334,0
693,-83.04,-24.2,-55.0075,0.206,619.0416666666666,26.953333333333333,0
694,-84.9,-26.26,-54.85125,0.204,618.7708333333334,26.898333333333337,0
695,-83.62,-25.79,-55.1925,0.208,619.0333333333333,27.017916666666665,0
696,-82.3,-28.03,-55.57958333333334,0.195,620.0291666666667,27.153333333333332,0
697,-83.39,-26.62,-55.57333333333333,0.202,619.9,27.151666666666667,0
698,-85.37,-27.23,-54.9625,0.213,621.7916666666666,26.937083333333334,0
699,-83.88,-26.31,-54.94166666666666,0.212,620.6458333333334,26.928749999999997,0
700,-85.14,-26.34,-54.93,0.196,622.0875,26.925833333333333,0
701,-82.96,-23.96,-54.81833333333333,0.204,621.8208333333333,26.8875,0
702,-83.49,-25.72,-55.284166666666664,0.192,622.8916666666667,27.049166666666668,0
703,-85.34,-25.74,-54.854166666666664,0.206,621.9666666666667,26.898750000000003,0
704,-84.19,-23.89,-55.32541666666666,0.203,622.2208333333333,27.064166666666665,0
705,-84.3,-24.22,-54.97875,0.207,623.5041666666667,26.942916666666665,0
706,-82.52,-23.82,-54.85999999999999,0.203,624.3541666666666,26.900000000000002,0
707,-83.22,-25.86,-54.572916666666664,0.204,624.225,26.80125,0
708,-83.27,-25.45,-55.11041666666667,0.21,623.9916666666667,26.989166666666666,0
709,-83.46,-27.23,-55.195,0.183,624.7208333333333,27.018333333333334,0
710,-85.35,-28.13,-55.1825,0.193,625.7583333333333,27.01375,0
711,-83.07,-26.45,-54.88791666666666,0.212,625.5583333333333,26.910833333333333,0
712,-83.88,-24.44,-54.935833333333335,0.188,626.525,26.927083333333332,0
713,-84.84,-25.97,-55.785,0.214,627.4125,27.22375,0
714,-83.64,-26.93,-55.12166666666667,0.218,626.5666666666667,26.99208333333333,0
715,-85.23,-26.76,-55.03791666666667,0.211,626.3625000000001,26.96375,0
716,-82.39,-23.73,-54.85458333333333,0.204,626.6791666666667,26.90041666666667,0
717,-83.26,-25.9,-55.55041666666667,0.196,627.2166666666667,27.141666666666666,0
718,-83.24,-26.42,-54.59125,0.195,627.6125000000001,26.80666666666667,0
719,-82.94,-26.77,-55.26833333333334,0.214,627.3166666666667,27.042916666666667,0
720,-83.42,-24.71,-54.79791666666667,0.212,628.85,26.879166666666666,0
721,-83.28,-25.49,-54.52333333333333,0.211,628.3249999999999,26.78333333333333,0
722,-84.84,-25.14,-55.09791666666666,0.215,629.2083333333334,26.98375,0
723,-83.29,-26.65,-54.975,0.219,629.7916666666666,26.94125,0
724,-82.76,-27.51,-55.08541666666667,0.206,629.725,26.98,0
725,-82.52,-26.31,-54.36958333333333,0.223,630.3125,26.729583333333334,0
726,-82.08,-26.12,-55.080000000000005,0.206,631.0291666666667,26.978333333333335,0
727,-81.37,-25.25,-54.602916666666665,0.216,630.9916666666667,26.81041666666667,0
728,-82.77,-26.04,-54.85583333333333,0.211,631.1791666666667,26.899583333333336,0
729,-82.46,-26.25,-55.01458333333333,0.219,632.0875,26.955,0
