day,sol,crew_size,activity_level,dust_storm_flag,solar_availability,o2_consumption_kg,co2_production_kg,water_use_kg,food_kg,waste_kg,o2_recovery_efficiency,water_recovery_efficiency,net_o2_makeup_kg,net_water_makeup_kg,greenhouse_ventilation_m3_per_h,cabin_co2_ppm_proxy
0,0,100,1.15,0,0.906,96.6,115.0,367.5,183.0,13.8,0.92,0.95,7.73,18.38,1980.0,926
1,1,100,1.15,0,0.917,96.6,115.0,367.5,183.0,13.8,0.92,0.95,7.73,18.38,1980.0,881
2,2,100,1.15,0,0.986,96.6,115.0,367.5,183.0,13.8,0.92,0.95,7.73,18.38,1980.0,888
3,3,100,1.15,0,0.872,96.6,115.0,367.5,183.0,13.8,0.92,0.95,7.73,18.38,1980.0,930
4,4,100,1.15,0,0.835,96.6,115.0,367.5,183.0,13.8,0.92,0.95,7.73,18.38,1980.0,862
5,5,100,0.9,0,0.936,75.6,90.0,332.5,183.0,10.8,0.92,0.95,6.05,16.63,1980.0,776
6,6,100,0.9,0,0.93,75.6,90.0,332.5,183.0,10.8,0.92,0.95,6.05,16.63,1980.0,827
7,7,100,1.15,0,0.927,96.6,115.0,367.5,183.0,13.8,0.92,0.95,7.73,18.38,1980.0,937
8,8,100,1.15,0,0.846,96.6,115.0,367.5,183.0,13.8,0.92,0.95,7.73,18.38,1980.0,936
9,9,100,1.15,0,0.95,96.6,115.0,367.5,183.0,13.8,0.92,0.95,7.73,18.38,1980.0,897
10,10,100,1.15,0,0.956,96.6,115.0,367.5,183.0,13.8,0.92,0.95,7.73,18.38,1980.0,886
11,11,100,1.15,0,0.924,96.6,115.0,367.5,183.0,13.8,0.92,0.95,7.73,18.38,1980.0,899
12,12,100,0.9,0,1.0,75.6,90.0,332.5,183.0,10.8,0.92,0.95,6.05,16.63,1980.0,801
13,13,100,0.9,0,0.885,75.6,90.0,332.5,183.0,10.8,0.92,0.95,6.05,16.63,1980.0,806
14,14,100,1.15,0,0.868,96.6,115.0,367.5,183.0,13.8,0.92,0.95,7.73,18.38,1980.0,870
15,15,100,1.15,0,0.983,96.6,115.0,367.5,183.0,13.8,0.92,0.95,7.73,18.38,1980.0,896
16,16,100,1.15,0,0.914,96.6,115.0,367.5,183.0,13.8,0.92,0.95,7.73,18.38,1980.0,913
17,17,100,1.15,0,0.955,96.6,115.0,367.5,183.0,13.8,0.92,0.95,7.73,18.38,1980.0,875
18,18,100,1.15,0,0.917,96.6,115.0,367.5,183.0,13.8,0.92,0.95,7.73,18.38,1980.0,863
19,19,100,0.9,0,0.919,75.6,90.0,332.5,183.0,10.8,0.92,0.95,6.05,16.63,1980.0,792
20,20,100,0.9,0,0.919,75.6,90.0,332.5,183.0,10.8,0.92,0.95,6.05,16.63,1980.0,831
21,21,100,1.15,0,0.871,96.6,115.0,367.5,183.0,13.8,0.92,0.95,7.73,18.38,1980.0,918
22,22,100,1.15,0,0.944,96.6,115.0,367.5,183.0,13.8,0.92,0.95,7.73,18.38,1980.0,929
23,23,100,1.15,0,0.976,96.6,115.0,367.5,183.0,13.8,0.92,0.95,7.73,18.38,1980.0,926
24,24,100,1.15,0,0.868,96.6,115.0,367.5,183.0,13.8,0.92,0.95,7.73,18.38,1980.0,931
25,25,100,1.15,0,0.899,96.6,115.0,367.5,183.0,13.8,0.92,0.95,7.73,18.38,1980.0,885
26,26,100,0.9,0,0.919,75.6,90.0,332.5,183.0,10.8,0.92,0.95,6.05,16.63,1980.0,767
27,27,100,0.9,0,0.897,75.6,90.0,332.5,183.0,10.8,0.92,0.95,6.05,16.63,1980.0,762
28,28,100,1.15,0,1.0,96.6,115.0,367.5,183.0,13.8,0.92,0.95,7.73,18.38,1980.0,924
29,29,100,1.15,0,0.853,96.6,115.0,367.5,183.0,13.8,0.92,0.95,7.73,18.38,1980.0,867
30,30,100,1.15,0,0.909,96.6,115.0,367.5,183.0,13.8,0.92,0.95,7.73,18.38,1980.0,884
31,31,100,1.15,0,0.99,96.6,115.0,367.5,183.0,13.8,0.92,0.95,7.73,18.38,1980.0,920
32,32,100,1.15,0,0.864,96.6,115.0,367.5,183.0,13.8,0.92,0.95,7.73,18.38,1980.0,897
33,33,100,0.9,0,0.884,75.6,90.0,332.5,183.0,10.8,0.92,0.95,6.05,16.63,1980.0,788
34,34,100,0.9,0,0.823,75.6,90.0,332.5,183.0,10.8,0.92,0.95,6.05,16.63,1980.0,770
35,35,100,1.15,0,0.934,96.6,115.0,367.5,183.0,13.8,0.92,0.95,7.73,18.38,1980.0,928
36,36,100,1.15,0,0.883,96.6,115.0,367.5,183.0,13.8,0.92,0.95,7.73,18.38,1980.0,890
37,37,100,1.15,0,0.84,96.6,115.0,367.5,183.0,13.8,0.92,0.95,7.73,18.38,1980.0,881
38,38,100,1.15,0,0.863,96.6,115.0,367.5,183.0,13.8,0.92,0.95,7.73,18.38,1980.0,879
39,39,100,1.15,0,0.846,96.6,115.0,367.5,183.0,13.8,0.92,0.95,7.73,18.38,1980.0,864
40,40,100,0.9,0,0.905,75.6,90.0,332.5,183.0,10.8,0.92,0.95,6.05,16.63,1980.0,804
41,41,100,0.9,0,0.9,75.6,90.0,332.5,183.0,10.8,0.92,0.95,6.05,16.63,1980.0,791
42,42,100,1.15,0,0.851,96.6,115.0,367.5,183.0,13.8,0.92,0.95,7.73,18.38,1980.0,931
43,43,100,1.15,0,0.859,96.6,115.0,367.5,183.0,13.8,0.92,0.95,7.73,18.38,1980.0,924
44,44,100,1.15,0,0.911,96.6,115.0,367.5,183.0,13.8,0.92,0.95,7.73,18.38,1980.0,866
45,45,100,1.15,0,0.921,96.6,115.0,367.5,183.0,13.8,0.92,0.95,7.73,18.38,1980.0,871
46,46,100,1.15,0,0.851,96.6,115.0,367.5,183.0,13.8,0.92,0.95,7.73,18.38,1980.0,888
47,47,100,0.9,0,0.885,75.6,90.0,332.5,183.0,10.8,0.92,0.95,6.05,16.63,1980.0,834
48,48,100,0.9,0,0.946,75.6,90.0,332.5,183.0,10.8,0.92,0.95,6.05,16.63,1980.0,821
49,49,100,1.15,0,0.922,96.6,115.0,367.5,183.0,13.8,0.92,0.95,7.73,18.38,1980.0,905
50,50,100,1.15,0,0.891,96.6,115.0,367.5,183.0,13.8,0.92,0.95,7.73,18.38,1980.0,872
51,51,100,1.15,0,0.94,96.6,115.0,367.5,183.0,13.8,0.92,0.95,7.73,18.38,1980.0,927
52,52,100,1.15,0,0.881,96.6,115.0,367.5,183.0,13.8,0.92,0.95,7.73,18.38,1980.0,897
53,53,100,1.15,0,0.939,96.6,115.0,367.5,183.0,13.8,0.92,0.95,7.73,18.38,1980.0,928
54,54,100,0.9,0,0.903,75.6,90.0,332.5,183.0,10.8,0.92,0.95,6.05,16.63,1980.0,769
55,55,100,0.9,0,0.924,75.6,90.0,332.5,183.0,10.8,0.92,0.95,6.05,16.63,1980.0,799
56,56,100,1.15,0,0.857,96.6,115.0,367.5,183.0,13.8,0.92,0.95,7.73,18.38,1980.0,883
57,57,100,1.15,0,0.933,96.6,115.0,367.5,183.0,13.8,0.92,0.95,7.73,18.38,1980.0,860
58,58,100,1.15,0,0.877,96.6,115.0,367.5,183.0,13.8,0.92,0.95,7.73,18.38,1980.0,867
59,59,100,1.15,0,0.882,96.6,115.0,367.5,183.0,13.8,0.92,0.95,7.73,18.38,1980.0,876
60,60,100,1.15,0,0.918,96.6,115.0,367.5,183.0,13.8,0.92,0.95,7.73,18.38,1980.0,867
61,61,100,0.9,0,0.924,75.6,90.0,332.5,183.0,10.8,0.92,0.95,6.05,16.63,1980.0,806
62,62,100,0.9,0,0.973,75.6,90.0,332.5,183.0,10.8,0.92,0.95,6.05,16.63,1980.0,809
63,63,100,1.15,0,0.956,96.6,115.0,367.5,183.0,13.8,0.92,0.95,7.73,18.38,1980.0,899
64,64,100,1.15,0,0.891,96.6,115.0,367.5,183.0,13.8,0.92,0.95,7.73,18.38,1980.0,908
65,65,100,1.15,0,1.0,96.6,115.0,367.5,183.0,13.8,0.92,0.95,7.73,18.38,1980.0,896
66,66,100,1.15,0,0.924,96.6,115.0,367.5,183.0,13.8,0.92,0.95,7.73,18.38,1980.0,886
67,67,100,1.15,0,0.938,96.6,115.0,367.5,183.0,13.8,0.92,0.95,7.73,18.38,1980.0,928
68,68,100,0.9,0,0.968,75.6,90.0,332.5,183.0,10.8,0.92,0.95,6.05,16.63,1980.0,763
69,69,100,0.9,0,0.953,75.6,90.0,332.5,183.0,10.8,0.92,0.95,6.05,16.63,1980.0,805
70,70,100,1.15,0,0.884,96.6,115.0,367.5,183.0,13.8,0.92,0.95,7.73,18.38,1980.0,865
71,71,100,1.15,0,0.867,96.6,115.0,367.5,183.0,13.8,0.92,0.95,7.73,18.38,1980.0,928
72,72,100,1.15,0,0.896,96.6,115.0,367.5,183.0,13.8,0.92,0.95,7.73,18.38,1980.0,905
73,73,100,1.15,0,0.939,96.6,115.0,367.5,183.0,13.8,0.92,0.95,7.73,18.38,1980.0,925
74,74,100,1.15,0,0.958,96.6,115.0,367.5,183.0,13.8,0.92,0.95,7.73,18.38,1980.0,939
75,75,100,0.9,0,0.893,75.6,90.0,332.5,183.0,10.8,0.92,0.95,6.05,16.63,1980.0,764
76,76,100,0.9,0,0.993,75.6,90.0,332.5,183.0,10.8,0.92,0.95,6.05,16.63,1980.0,780
77,77,100,1.15,0,0.933,96.6,115.0,367.5,183.0,13.8,0.92,0.95,7.73,18.38,1980.0,874
78,78,100,1.15,0,0.889,96.6,115.0,367.5,183.0,13.8,0.92,0.95,7.73,18.38,1980.0,939
79,79,100,1.15,0,0.955,96.6,115.0,367.5,183.0,13.8,0.92,0.95,7.73,18.38,1980.0,877
80,80,100,1.15,0,0.904,96.6,115.0,367.5,183.0,13.8,0.92,0.95,7.73,18.38,1980.0,880
81,81,100,1.15,0,0.971,96.6,115.0,367.5,183.0,13.8,0.92,0.95,7.73,18.38,1980.0,928
82,82,100,0.9,0,0.898,75.6,90.0,332.5,183.0,10.8,0.92,0.95,6.05,16.63,1980.0,838
83,83,100,0.9,0,0.918,75.6,90.0,332.5,183.0,10.8,0.92,0.95,6.05,16.63,1980.0,760
84,84,100,1.15,0,0.992,96.6,115.0,367.5,183.0,13.8,0.92,0.95,7.73,18.38,1980.0,890
85,85,100,1.15,0,0.952,96.6,115.0,367.5,183.0,13.8,0.92,0.95,7.73,18.38,1980.0,923
86,86,100,1.15,0,0.923,96.6,115.0,367.5,183.0,13.8,0.92,0.95,7.73,18.38,1980.0,863
87,87,100,1.15,0,0.887,96.6,115.0,367.5,183.0,13.8,0.92,0.95,7.73,18.38,1980.0,887
88,88,100,1.15,0,0.868,96.6,115.0,367.5,183.0,13.8,0.92,0.95,7.73,18.38,1980.0,892
89,89,100,0.9,0,0.928,75.6,90.0,332.5,183.0,10.8,0.92,0.95,6.05,16.63,1980.0,818
90,90,100,0.9,0,0.932,75.6,90.0,332.5,183.0,10.8,0.92,0.95,6.05,16.63,1980.0,795
91,91,100,1.15,0,0.965,96.6,115.0,367.5,183.0,13.8,0.92,0.95,7.73,18.38,1980.0,903
92,92,100,1.15,0,0.996,96.6,115.0,367.5,183.0,13.8,0.92,0.95,7.73,18.38,1980.0,925
93,93,100,1.15,0,0.909,96.6,115.0,367.5,183.0,13.8,0.92,0.95,7.73,18.38,1980.0,877
94,94,100,1.15,0,0.835,96.6,115.0,367.5,183.0,13.8,0.92,0.95,7.73,18.38,1980.0,888
95,95,100,1.15,0,0.888,96.6,115.0,367.5,183.0,13.8,0.92,0.95,7.73,18.38,1980.0,890
96,96,100,0.9,0,0.898,75.6,90.0,332.5,183.0,10.8,0.92,0.95,6.05,16.63,1980.0,791
97,97,100,0.9,0,0.933,75.6,90.0,332.5,183.0,10.8,0.92,0.95,6.05,16.63,1980.0,807
98,98,100,1.15,0,0.944,96.6,115.0,367.5,183.0,13.8,0.92,0.95,7.73,18.38,1980.0,860
99,99,100,1.15,0,1.0,96.6,115.0,367.5,183.0,13.8,0.92,0.95,7.73,18.38,1980.0,911
100,100,100,1.15,0,0.914,96.6,115.0,367.5,183.0,13.8,0.92,0.95,7.73,18.38,1980.0,907
101,101,100,1.15,0,0.881,96.6,115.0,367.5,183.0,13.8,0.92,0.95,7.73,18.38,1980.0,939
102,102,100,1.15,0,0.949,96.6,115.0,367.5,183.0,13.8,0.92,0.95,7.73,18.38,1980.0,890
103,103,100,0.9,0,0.917,75.6,90.0,332.5,183.0,10.8,0.92,0.95,6.05,16.63,1980.0,792
104,104,100,0.9,0,0.917,75.6,90.0,332.5,183.0,10.8,0.92,0.95,6.05,16.63,1980.0,820
105,105,100,1.15,0,0.951,96.6,115.0,367.5,183.0,13.8,0.92,0.95,7.73,18.38,1980.0,880
106,106,100,1.15,0,0.916,96.6,115.0,367.5,183.0,13.8,0.92,0.95,7.73,18.38,1980.0,921
107,107,100,1.15,0,0.882,96.6,115.0,367.5,183.0,13.8,0.92,0.95,7.73,18.38,1980.0,929
108,108,100,1.15,0,0.888,96.6,115.0,367.5,183.0,13.8,0.92,0.95,7.73,18.38,1980.0,904
109,109,100,1.15,0,0.856,96.6,115.0,367.5,183.0,13.8,0.92,0.95,7.73,18.38,1980.0,888
110,110,100,0.9,0,0.933,75.6,90.0,332.5,183.0,10.8,0.92,0.95,6.05,16.63,1980.0,819
111,111,100,0.9,0,0.951,75.6,90.0,332.5,183.0,10.8,0.92,0.95,6.05,16.63,1980.0,770
112,112,100,1.15,0,1.0,96.6,115.0,367.5,183.0,13.8,0.92,0.95,7.73,18.38,1980.0,928
113,113,100,1.15,0,0.95,96.6,115.0,367.5,183.0,13.8,0.92,0.95,7.73,18.38,1980.0,874
114,114,100,1.15,0,0.842,96.6,115.0,367.5,183.0,13.8,0.92,0.95,7.73,18.38,1980.0,865
115,115,100,1.15,0,0.915,96.6,115.0,367.5,183.0,13.8,0.92,0.95,7.73,18.38,1980.0,913
116,116,100,1.15,0,0.975,96.6,115.0,367.5,183.0,13.8,0.92,0.95,7.73,18.38,1980.0,877
117,117,100,0.9,0,0.96,75.6,90.0,332.5,183.0,10.8,0.92,0.95,6.05,16.63,1980.0,826
118,118,100,0.9,0,0.887,75.6,90.0,332.5,183.0,10.8,0.92,0.95,6.05,16.63,1980.0,834
119,119,100,1.15,0,1.0,96.6,115.0,367.5,183.0,13.8,0.92,0.95,7.73,18.38,1980.0,876
120,120,100,1.15,0,0.92,96.6,115.0,367.5,183.0,13.8,0.92,0.95,7.73,18.38,1980.0,893
121,121,100,1.15,0,0.89,96.6,115.0,367.5,183.0,13.8,0.92,0.95,7.73,18.38,1980.0,891
122,122,100,1.15,0,0.901,96.6,115.0,367.5,183.0,13.8,0.92,0.95,7.73,18.38,1980.0,880
123,123,100,1.15,0,0.904,96.6,115.0,367.5,183.0,13.8,0.92,0.95,7.73,18.38,1980.0,883
124,124,100,0.9,0,0.909,75.6,90.0,332.5,183.0,10.8,0.92,0.95,6.05,16.63,1980.0,835
125,125,100,0.9,0,0.863,75.6,90.0,332.5,183.0,10.8,0.92,0.95,6.05,16.63,1980.0,816
126,126,100,1.15,0,0.917,96.6,115.0,367.5,183.0,13.8,0.92,0.95,7.73,18.38,1980.0,877
127,127,100,1.15,0,0.955,96.6,115.0,367.5,183.0,13.8,0.92,0.95,7.73,18.38,1980.0,865
128,128,100,1.15,0,0.971,96.6,115.0,367.5,183.0,13.8,0.92,0.95,7.73,18.38,1980.0,884
129,129,100,1.15,0,0.934,96.6,115.0,367.5,183.0,13.8,0.92,0.95,7.73,18.38,1980.0,905
130,130,100,1.15,0,0.954,96.6,115.0,367.5,183.0,13.8,0.92,0.95,7.73,18.38,1980.0,924
131,131,100,0.9,0,0.927,75.6,90.0,332.5,183.0,10.8,0.92,0.95,6.05,16.63,1980.0,807
132,132,100,0.9,0,0.933,75.6,90.0,332.5,183.0,10.8,0.92,0.95,6.05,16.63,1980.0,816
133,133,100,1.15,0,0.916,96.6,115.0,367.5,183.0,13.8,0.92,0.95,7.73,18.38,1980.0,929
134,134,100,1.15,0,0.924,96.6,115.0,367.5,183.0,13.8,0.92,0.95,7.73,18.38,1980.0,897
135,135,100,1.15,0,0.963,96.6,115.0,367.5,183.0,13.8,0.92,0.95,7.73,18.38,1980.0,869
136,136,100,1.15,0,1.0,96.6,115.0,367.5,183.0,13.8,0.92,0.95,7.73,18.38,1980.0,887
137,137,100,1.15,0,0.859,96.6,115.0,367.5,183.0,13.8,0.92,0.95,7.73,18.38,1980.0,913
138,138,100,0.9,0,0.907,75.6,90.0,332.5,183.0,10.8,0.92,0.95,6.05,16.63,1980.0,792
139,139,100,0.9,0,1.0,75.6,90.0,332.5,183.0,10.8,0.92,0.95,6.05,16.63,1980.0,802
140,140,100,1.15,0,0.891,96.6,115.0,367.5,183.0,13.8,0.92,0.95,7.73,18.38,1980.0,930
141,141,100,1.15,0,0.973,96.6,115.0,367.5,183.0,13.8,0.92,0.95,7.73,18.38,1980.0,881
142,142,100,1.15,0,0.876,96.6,115.0,367.5,183.0,13.8,0.92,0.95,7.73,18.38,1980.0,864
143,143,100,1.15,0,0.979,96.6,115.0,367.5,183.0,13.8,0.92,0.95,7.73,18.38,1980.0,905
144,144,100,1.15,0,0.977,96.6,115.0,367.5,183.0,13.8,0.92,0.95,7.73,18.38,1980.0,934
145,145,100,0.9,0,0.868,75.6,90.0,332.5,183.0,10.8,0.92,0.95,6.05,16.63,1980.0,837
146,146,100,0.9,0,0.947,75.6,90.0,332.5,183.0,10.8,0.92,0.95,6.05,16.63,1980.0,825
147,147,100,1.15,0,0.89,96.6,115.0,367.5,183.0,13.8,0.92,0.95,7.73,18.38,1980.0,905
148,148,100,1.15,0,0.932,96.6,115.0,367.5,183.0,13.8,0.92,0.95,7.73,18.38,1980.0,877
149,149,100,1.15,0,0.944,96.6,115.0,367.5,183.0,13.8,0.92,0.95,7.73,18.38,1980.0,894
150,150,100,1.15,0,0.931,96.6,115.0,367.5,183.0,13.8,0.92,0.95,7.73,18.38,1980.0,912
151,151,100,1.15,0,0.9,96.6,115.0,367.5,183.0,13.8,0.92,0.95,7.73,18.38,1980.0,877
152,152,100,0.9,0,0.902,75.6,90.0,332.5,183.0,10.8,0.92,0.95,6.05,16.63,1980.0,765
153,153,100,0.9,0,0.867,75.6,90.0,332.5,183.0,10.8,0.92,0.95,6.05,16.63,1980.0,786
154,154,100,1.15,0,0.974,96.6,115.0,367.5,183.0,13.8,0.92,0.95,7.73,18.38,1980.0,897
155,155,100,1.15,0,0.971,96.6,115.0,367.5,183.0,13.8,0.92,0.95,7.73,18.38,1980.0,920
156,156,100,1.15,0,0.85,96.6,115.0,367.5,183.0,13.8,0.92,0.95,7.73,18.38,1980.0,910
157,157,100,1.15,0,0.927,96.6,115.0,367.5,183.0,13.8,0.92,0.95,7.73,18.38,1980.0,885
158,158,100,1.15,0,0.929,96.6,115.0,367.5,183.0,13.8,0.92,0.95,7.73,18.38,1980.0,933
159,159,100,0.9,0,0.932,75.6,90.0,332.5,183.0,10.8,0.92,0.95,6.05,16.63,1980.0,812
160,160,100,0.9,0,0.808,75.6,90.0,332.5,183.0,10.8,0.92,0.95,6.05,16.63,1980.0,788
161,161,100,1.15,0,0.887,96.6,115.0,367.5,183.0,13.8,0.92,0.95,7.73,18.38,1980.0,879
162,162,100,1.15,0,0.89,96.6,115.0,367.5,183.0,13.8,0.92,0.95,7.73,18.38,1980.0,894
163,163,100,1.15,0,1.0,96.6,115.0,367.5,183.0,13.8,0.92,0.95,7.73,18.38,1980.0,892
164,164,100,1.15,0,0.944,96.6,115.0,367.5,183.0,13.8,0.92,0.95,7.73,18.38,1980.0,922
165,165,100,1.15,0,0.845,96.6,115.0,367.5,183.0,13.8,0.92,0.95,7.73,18.38,1980.0,885
166,166,100,0.9,0,0.994,75.6,90.0,332.5,183.0,10.8,0.92,0.95,6.05,16.63,1980.0,828
167,167,100,0.9,0,0.935,75.6,90.0,332.5,183.0,10.8,0.92,0.95,6.05,16.63,1980.0,782
168,168,100,1.15,0,0.869,96.6,115.0,367.5,183.0,13.8,0.92,0.95,7.73,18.38,1980.0,861
169,169,100,1.15,0,0.962,96.6,115.0,367.5,183.0,13.8,0.92,0.95,7.73,18.38,1980.0,875
170,170,100,1.15,0,0.892,96.6,115.0,367.5,183.0,13.8,0.92,0.95,7.73,18.38,1980.0,903
171,171,100,1.15,0,0.953,96.6,115.0,367.5,183.0,13.8,0.92,0.95,7.73,18.38,1980.0,889
172,172,100,1.15,0,0.961,96.6,115.0,367.5,183.0,13.8,0.92,0.95,7.73,18.38,1980.0,924
173,173,100,0.9,0,0.901,75.6,90.0,332.5,183.0,10.8,0.92,0.95,6.05,16.63,1980.0,798
174,174,100,0.9,0,1.0,75.6,90.0,332.5,183.0,10.8,0.92,0.95,6.05,16.63,1980.0,790
175,175,100,1.15,0,1.0,96.6,115.0,367.5,183.0,13.8,0.92,0.95,7.73,18.38,1980.0,927
176,176,100,1.15,0,0.804,96.6,115.0,367.5,183.0,13.8,0.92,0.95,7.73,18.38,1980.0,908
177,177,100,1.15,0,0.938,96.6,115.0,367.5,183.0,13.8,0.92,0.95,7.73,18.38,1980.0,930
178,178,100,1.15,0,0.904,96.6,115.0,367.5,183.0,13.8,0.92,0.95,7.73,18.38,1980.0,928
179,179,100,1.15,0,0.919,96.6,115.0,367.5,183.0,13.8,0.92,0.95,7.73,18.38,1980.0,860
180,180,100,0.765,1,0.25,64.26,76.5,332.5,183.0,9.18,0.86,0.9,9.0,33.25,2430.0,1117
181,181,100,0.765,1,0.25,64.26,76.5,332.5,183.0,9.18,0.86,0.9,9.0,33.25,2430.0,1124
182,182,100,0.977,1,0.25,82.11,97.75,332.5,183.0,11.73,0.86,0.9,11.5,33.25,2430.0,1168
183,183,100,0.977,1,0.25,82.11,97.75,332.5,183.0,11.73,0.86,0.9,11.5,33.25,2430.0,1157
184,184,100,0.977,1,0.25,82.11,97.75,332.5,183.0,11.73,0.86,0.9,11.5,33.25,2430.0,1181
185,185,100,0.977,1,0.25,82.11,97.75,332.5,183.0,11.73,0.86,0.9,11.5,33.25,2430.0,1152
186,186,100,0.977,1,0.25,82.11,97.75,332.5,183.0,11.73,0.86,0.9,11.5,33.25,2430.0,1167
187,187,100,0.765,1,0.25,64.26,76.5,332.5,183.0,9.18,0.86,0.9,9.0,33.25,2430.0,1079
188,188,100,0.765,1,0.25,64.26,76.5,332.5,183.0,9.18,0.86,0.9,9.0,33.25,2430.0,1119
189,189,100,0.977,1,0.25,82.11,97.75,332.5,183.0,11.73,0.86,0.9,11.5,33.25,2430.0,1171
190,190,100,0.977,1,0.25,82.11,97.75,332.5,183.0,11.73,0.86,0.9,11.5,33.25,2430.0,1164
191,191,100,0.977,1,0.25,82.11,97.75,332.5,183.0,11.73,0.86,0.9,11.5,33.25,2430.0,1190
192,192,100,0.977,1,0.25,82.11,97.75,332.5,183.0,11.73,0.86,0.9,11.5,33.25,2430.0,1146
193,193,100,0.977,1,0.25,82.11,97.75,332.5,183.0,11.73,0.86,0.9,11.5,33.25,2430.0,1178
194,194,100,0.765,1,0.25,64.26,76.5,332.5,183.0,9.18,0.86,0.9,9.0,33.25,2430.0,1125
195,195,100,0.765,1,0.25,64.26,76.5,332.5,183.0,9.18,0.86,0.9,9.0,33.25,2430.0,1123
196,196,100,0.977,1,0.25,82.11,97.75,332.5,183.0,11.73,0.86,0.9,11.5,33.25,2430.0,1154
197,197,100,0.977,1,0.25,82.11,97.75,332.5,183.0,11.73,0.86,0.9,11.5,33.25,2430.0,1212
198,198,100,0.977,1,0.25,82.11,97.75,332.5,183.0,11.73,0.86,0.9,11.5,33.25,2430.0,1203
199,199,100,0.977,1,0.25,82.11,97.75,332.5,183.0,11.73,0.86,0.9,11.5,33.25,2430.0,1209
200,200,100,0.977,1,0.25,82.11,97.75,332.5,183.0,11.73,0.86,0.9,11.5,33.25,2430.0,1153
201,201,100,0.765,1,0.25,64.26,76.5,332.5,183.0,9.18,0.86,0.9,9.0,33.25,2430.0,1121
202,202,100,0.765,1,0.25,64.26,76.5,332.5,183.0,9.18,0.86,0.9,9.0,33.25,2430.0,1091
203,203,100,0.977,1,0.25,82.11,97.75,332.5,183.0,11.73,0.86,0.9,11.5,33.25,2430.0,1204
204,204,100,0.977,1,0.25,82.11,97.75,332.5,183.0,11.73,0.86,0.9,11.5,33.25,2430.0,1159
205,205,100,0.977,1,0.25,82.11,97.75,332.5,183.0,11.73,0.86,0.9,11.5,33.25,2430.0,1170
206,206,100,0.977,1,0.25,82.11,97.75,332.5,183.0,11.73,0.86,0.9,11.5,33.25,2430.0,1141
207,207,100,0.977,1,0.25,82.11,97.75,332.5,183.0,11.73,0.86,0.9,11.5,33.25,2430.0,1207
208,208,100,0.765,1,0.25,64.26,76.5,332.5,183.0,9.18,0.86,0.9,9.0,33.25,2430.0,1127
209,209,100,0.765,1,0.25,64.26,76.5,332.5,183.0,9.18,0.86,0.9,9.0,33.25,2430.0,1072
210,210,100,0.977,1,0.25,82.11,97.75,332.5,183.0,11.73,0.86,0.9,11.5,33.25,2430.0,1203
211,211,100,0.977,1,0.25,82.11,97.75,332.5,183.0,11.73,0.86,0.9,11.5,33.25,2430.0,1212
212,212,100,0.977,1,0.25,82.11,97.75,332.5,183.0,11.73,0.86,0.9,11.5,33.25,2430.0,1199
213,213,100,0.977,1,0.25,82.11,97.75,332.5,183.0,11.73,0.86,0.9,11.5,33.25,2430.0,1209
214,214,100,0.977,1,0.25,82.11,97.75,332.5,183.0,11.73,0.86,0.9,11.5,33.25,2430.0,1160
215,215,100,0.765,1,0.25,64.26,76.5,332.5,183.0,9.18,0.86,0.9,9.0,33.25,2430.0,1113
216,216,100,0.765,1,0.25,64.26,76.5,332.5,183.0,9.18,0.86,0.9,9.0,33.25,2430.0,1128
217,217,100,0.977,1,0.25,82.11,97.75,332.5,183.0,11.73,0.86,0.9,11.5,33.25,2430.0,1203
218,218,100,0.977,1,0.25,82.11,97.75,332.5,183.0,11.73,0.86,0.9,11.5,33.25,2430.0,1205
219,219,100,0.977,1,0.25,82.11,97.75,332.5,183.0,11.73,0.86,0.9,11.5,33.25,2430.0,1215
220,220,100,0.977,1,0.25,82.11,97.75,332.5,183.0,11.73,0.86,0.9,11.5,33.25,2430.0,1211
221,221,100,0.977,1,0.25,82.11,97.75,332.5,183.0,11.73,0.86,0.9,11.5,33.25,2430.0,1206
222,222,100,0.765,1,0.25,64.26,76.5,332.5,183.0,9.18,0.86,0.9,9.0,33.25,2430.0,1077
223,223,100,0.765,1,0.25,64.26,76.5,332.5,183.0,9.18,0.86,0.9,9.0,33.25,2430.0,1104
224,224,100,0.977,1,0.25,82.11,97.75,332.5,183.0,11.73,0.86,0.9,11.5,33.25,2430.0,1178
225,225,100,0.977,1,0.25,82.11,97.75,332.5,183.0,11.73,0.86,0.9,11.5,33.25,2430.0,1218
226,226,100,0.977,1,0.25,82.11,97.75,332.5,183.0,11.73,0.86,0.9,11.5,33.25,2430.0,1152
227,227,100,0.977,1,0.25,82.11,97.75,332.5,183.0,11.73,0.86,0.9,11.5,33.25,2430.0,1173
228,228,100,0.977,1,0.25,82.11,97.75,332.5,183.0,11.73,0.86,0.9,11.5,33.25,2430.0,1201
229,229,100,0.765,1,0.25,64.26,76.5,332.5,183.0,9.18,0.86,0.9,9.0,33.25,2430.0,1124
230,230,100,0.765,1,0.25,64.26,76.5,332.5,183.0,9.18,0.86,0.9,9.0,33.25,2430.0,1092
231,231,100,0.977,1,0.25,82.11,97.75,332.5,183.0,11.73,0.86,0.9,11.5,33.25,2430.0,1199
232,232,100,0.977,1,0.25,82.11,97.75,332.5,183.0,11.73,0.86,0.9,11.5,33.25,2430.0,1160
233,233,100,0.977,1,0.25,82.11,97.75,332.5,183.0,11.73,0.86,0.9,11.5,33.25,2430.0,1214
234,234,100,0.977,1,0.25,82.11,97.75,332.5,183.0,11.73,0.86,0.9,11.5,33.25,2430.0,1182
235,235,100,0.977,1,0.25,82.11,97.75,332.5,183.0,11.73,0.86,0.9,11.5,33.25,2430.0,1160
236,236,100,0.765,1,0.25,64.26,76.5,332.5,183.0,9.18,0.86,0.9,9.0,33.25,2430.0,1068
237,237,100,0.765,1,0.25,64.26,76.5,332.5,183.0,9.18,0.86,0.9,9.0,33.25,2430.0,1084
238,238,100,0.977,1,0.25,82.11,97.75,332.5,183.0,11.73,0.86,0.9,11.5,33.25,2430.0,1161
239,239,100,0.977,1,0.25,82.11,97.75,332.5,183.0,11.73,0.86,0.9,11.5,33.25,2430.0,1171
240,240,100,0.977,1,0.25,82.11,97.75,332.5,183.0,11.73,0.86,0.9,11.5,33.25,2430.0,1210
241,241,100,0.977,1,0.25,82.11,97.75,332.5,183.0,11.73,0.86,0.9,11.5,33.25,2430.0,1197
242,242,100,0.977,1,0.25,82.11,97.75,332.5,183.0,11.73,0.86,0.9,11.5,33.25,2430.0,1184
243,243,100,0.765,1,0.25,64.26,76.5,332.5,183.0,9.18,0.86,0.9,9.0,33.25,2430.0,1099
244,244,100,0.765,1,0.25,64.26,76.5,332.5,183.0,9.18,0.86,0.9,9.0,33.25,2430.0,1112
245,245,100,0.977,1,0.25,82.11,97.75,332.5,183.0,11.73,0.86,0.9,11.5,33.25,2430.0,1155
246,246,100,0.977,1,0.25,82.11,97.75,332.5,183.0,11.73,0.86,0.9,11.5,33.25,2430.0,1146
247,247,100,0.977,1,0.25,82.11,97.75,332.5,183.0,11.73,0.86,0.9,11.5,33.25,2430.0,1171
248,248,100,0.977,1,0.25,82.11,97.75,332.5,183.0,11.73,0.86,0.9,11.5,33.25,2430.0,1190
249,249,100,0.977,1,0.25,82.11,97.75,332.5,183.0,11.73,0.86,0.9,11.5,33.25,2430.0,1208
250,250,100,0.765,1,0.25,64.26,76.5,332.5,183.0,9.18,0.86,0.9,9.0,33.25,2430.0,1132
251,251,100,0.765,1,0.25,64.26,76.5,332.5,183.0,9.18,0.86,0.9,9.0,33.25,2430.0,1104
252,252,100,0.977,1,0.25,82.11,97.75,332.5,183.0,11.73,0.86,0.9,11.5,33.25,2430.0,1174
253,253,100,0.977,1,0.25,82.11,97.75,332.5,183.0,11.73,0.86,0.9,11.5,33.25,2430.0,1194
254,254,100,0.977,1,0.25,82.11,97.75,332.5,183.0,11.73,0.86,0.9,11.5,33.25,2430.0,1162
255,255,100,0.977,1,0.25,82.11,97.75,332.5,183.0,11.73,0.86,0.9,11.5,33.25,2430.0,1151
256,256,100,0.977,1,0.25,82.11,97.75,332.5,183.0,11.73,0.86,0.9,11.5,33.25,2430.0,1190
257,257,100,0.765,1,0.25,64.26,76.5,332.5,183.0,9.18,0.86,0.9,9.0,33.25,2430.0,1094
258,258,100,0.765,1,0.25,64.26,76.5,332.5,183.0,9.18,0.86,0.9,9.0,33.25,2430.0,1079
259,259,100,0.977,1,0.25,82.11,97.75,332.5,183.0,11.73,0.86,0.9,11.5,33.25,2430.0,1212
260,260,100,0.977,1,0.25,82.11,97.75,332.5,183.0,11.73,0.86,0.9,11.5,33.25,2430.0,1211
261,261,100,1.15,0,0.875,96.6,115.0,367.5,183.0,13.8,0.92,0.95,7.73,18.38,1980.0,931
262,262,100,1.15,0,0.919,96.6,115.0,367.5,183.0,13.8,0.92,0.95,7.73,18.38,1980.0,864
263,263,100,1.15,0,0.954,96.6,115.0,367.5,183.0,13.8,0.92,0.95,7.73,18.38,1980.0,883
264,264,100,0.9,0,0.876,75.6,90.0,332.5,183.0,10.8,0.92,0.95,6.05,16.63,1980.0,796
265,265,100,0.9,0,0.925,75.6,90.0,332.5,183.0,10.8,0.92,0.95,6.05,16.63,1980.0,777
266,266,100,1.15,0,0.941,96.6,115.0,367.5,183.0,13.8,0.92,0.95,7.73,18.38,1980.0,923
267,267,100,1.15,0,0.976,96.6,115.0,367.5,183.0,13.8,0.92,0.95,7.73,18.38,1980.0,905
268,268,100,1.15,0,0.822,96.6,115.0,367.5,183.0,13.8,0.92,0.95,7.73,18.38,1980.0,876
269,269,100,1.15,0,0.936,96.6,115.0,367.5,183.0,13.8,0.92,0.95,7.73,18.38,1980.0,865
270,270,100,1.15,0,0.819,96.6,115.0,367.5,183.0,13.8,0.92,0.95,7.73,18.38,1980.0,899
271,271,100,0.9,0,0.84,75.6,90.0,332.5,183.0,10.8,0.92,0.95,6.05,16.63,1980.0,786
272,272,100,0.9,0,0.869,75.6,90.0,332.5,183.0,10.8,0.92,0.95,6.05,16.63,1980.0,796
273,273,100,1.15,0,0.858,96.6,115.0,367.5,183.0,13.8,0.92,0.95,7.73,18.38,1980.0,913
274,274,100,1.15,0,0.873,96.6,115.0,367.5,183.0,13.8,0.92,0.95,7.73,18.38,1980.0,870
275,275,100,1.15,0,0.915,96.6,115.0,367.5,183.0,13.8,0.92,0.95,7.73,18.38,1980.0,898
276,276,100,1.15,0,0.898,96.6,115.0,367.5,183.0,13.8,0.92,0.95,7.73,18.38,1980.0,915
277,277,100,1.15,0,0.94,96.6,115.0,367.5,183.0,13.8,0.92,0.95,7.73,18.38,1980.0,899
278,278,100,0.9,0,0.912,75.6,90.0,332.5,183.0,10.8,0.92,0.95,6.05,16.63,1980.0,838
279,279,100,0.9,0,0.963,75.6,90.0,332.5,183.0,10.8,0.92,0.95,6.05,16.63,1980.0,837
280,280,100,1.15,0,0.851,96.6,115.0,367.5,183.0,13.8,0.92,0.95,7.73,18.38,1980.0,922
281,281,100,1.15,0,0.899,96.6,115.0,367.5,183.0,13.8,0.92,0.95,7.73,18.38,1980.0,887
282,282,100,1.15,0,0.916,96.6,115.0,367.5,183.0,13.8,0.92,0.95,7.73,18.38,1980.0,919
283,283,100,1.15,0,0.897,96.6,115.0,367.5,183.0,13.8,0.92,0.95,7.73,18.38,1980.0,886
284,284,100,1.15,0,0.93,96.6,115.0,367.5,183.0,13.8,0.92,0.95,7.73,18.38,1980.0,871
285,285,100,0.9,0,1.0,75.6,90.0,332.5,183.0,10.8,0.92,0.95,6.05,16.63,1980.0,772
286,286,100,0.9,0,0.863,75.6,90.0,332.5,183.0,10.8,0.92,0.95,6.05,16.63,1980.0,760
287,287,100,1.15,0,0.816,96.6,115.0,367.5,183.0,13.8,0.92,0.95,7.73,18.38,1980.0,931
288,288,100,1.15,0,0.892,96.6,115.0,367.5,183.0,13.8,0.92,0.95,7.73,18.38,1980.0,877
289,289,100,1.15,0,0.996,96.6,115.0,367.5,183.0,13.8,0.92,0.95,7.73,18.38,1980.0,885
290,290,100,1.15,0,1.0,96.6,115.0,367.5,183.0,13.8,0.92,0.95,7.73,18.38,1980.0,902
291,291,100,1.15,0,0.905,96.6,115.0,367.5,183.0,13.8,0.92,0.95,7.73,18.38,1980.0,875
292,292,100,0.9,0,0.872,75.6,90.0,332.5,183.0,10.8,0.92,0.95,6.05,16.63,1980.0,793
293,293,100,0.9,0,0.979,75.6,90.0,332.5,183.0,10.8,0.92,0.95,6.05,16.63,1980.0,831
294,294,100,1.15,0,0.962,96.6,115.0,367.5,183.0,13.8,0.92,0.95,7.73,18.38,1980.0,936
295,295,100,1.15,0,0.904,96.6,115.0,367.5,183.0,13.8,0.92,0.95,7.73,18.38,1980.0,928
296,296,100,1.15,0,0.906,96.6,115.0,367.5,183.0,13.8,0.92,0.95,7.73,18.38,1980.0,901
297,297,100,1.15,0,0.932,96.6,115.0,367.5,183.0,13.8,0.92,0.95,7.73,18.38,1980.0,934
298,298,100,1.15,0,0.957,96.6,115.0,367.5,183.0,13.8,0.92,0.95,7.73,18.38,1980.0,922
299,299,100,0.9,0,0.921,75.6,90.0,332.5,183.0,10.8,0.92,0.95,6.05,16.63,1980.0,799
300,300,100,0.9,0,0.955,75.6,90.0,332.5,183.0,10.8,0.92,0.95,6.05,16.63,1980.0,777
301,301,100,1.15,0,0.925,96.6,115.0,367.5,183.0,13.8,0.92,0.95,7.73,18.38,1980.0,885
302,302,100,1.15,0,0.912,96.6,115.0,367.5,183.0,13.8,0.92,0.95,7.73,18.38,1980.0,921
303,303,100,1.15,0,0.945,96.6,115.0,367.5,183.0,13.8,0.92,0.95,7.73,18.38,1980.0,918
304,304,100,1.15,0,0.954,96.6,115.0,367.5,183.0,13.8,0.92,0.95,7.73,18.38,1980.0,894
305,305,100,1.15,0,0.903,96.6,115.0,367.5,183.0,13.8,0.92,0.95,7.73,18.38,1980.0,930
306,306,100,0.9,0,0.86,75.6,90.0,332.5,183.0,10.8,0.92,0.95,6.05,16.63,1980.0,809
307,307,100,0.9,0,0.915,75.6,90.0,332.5,183.0,10.8,0.92,0.95,6.05,16.63,1980.0,762
308,308,100,1.15,0,0.988,96.6,115.0,367.5,183.0,13.8,0.92,0.95,7.73,18.38,1980.0,861
309,309,100,1.15,0,0.893,96.6,115.0,367.5,183.0,13.8,0.92,0.95,7.73,18.38,1980.0,861
310,310,100,1.15,0,0.948,96.6,115.0,367.5,183.0,13.8,0.92,0.95,7.73,18.38,1980.0,876
311,311,100,1.15,0,0.934,96.6,115.0,367.5,183.0,13.8,0.92,0.95,7.73,18.38,1980.0,917
312,312,100,1.15,0,0.889,96.6,115.0,367.5,183.0,13.8,0.92,0.95,7.73,18.38,1980.0,889
313,313,100,0.9,0,0.927,75.6,90.0,332.5,183.0,10.8,0.92,0.95,6.05,16.63,1980.0,835
314,314,100,0.9,0,0.801,75.6,90.0,332.5,183.0,10.8,0.92,0.95,6.05,16.63,1980.0,807
315,315,100,1.15,0,0.924,96.6,115.0,367.5,183.0,13.8,0.92,0.95,7.73,18.38,1980.0,892
316,316,100,1.15,0,0.89,96.6,115.0,367.5,183.0,13.8,0.92,0.95,7.73,18.38,1980.0,900
317,317,100,1.15,0,0.945,96.6,115.0,367.5,183.0,13.8,0.92,0.95,7.73,18.38,1980.0,876
318,318,100,1.15,0,0.856,96.6,115.0,367.5,183.0,13.8,0.92,0.95,7.73,18.38,1980.0,872
319,319,100,1.15,0,0.945,96.6,115.0,367.5,183.0,13.8,0.92,0.95,7.73,18.38,1980.0,904
320,320,100,0.9,0,0.898,75.6,90.0,332.5,183.0,10.8,0.92,0.95,6.05,16.63,1980.0,828
321,321,100,0.9,0,1.0,75.6,90.0,332.5,183.0,10.8,0.92,0.95,6.05,16.63,1980.0,796
322,322,100,1.15,0,0.941,96.6,115.0,367.5,183.0,13.8,0.92,0.95,7.73,18.38,1980.0,933
323,323,100,1.15,0,0.926,96.6,115.0,367.5,183.0,13.8,0.92,0.95,7.73,18.38,1980.0,875
324,324,100,1.15,0,0.844,96.6,115.0,367.5,183.0,13.8,0.92,0.95,7.73,18.38,1980.0,902
325,325,100,1.15,0,0.892,96.6,115.0,367.5,183.0,13.8,0.92,0.95,7.73,18.38,1980.0,915
326,326,100,1.15,0,0.897,96.6,115.0,367.5,183.0,13.8,0.92,0.95,7.73,18.38,1980.0,896
327,327,100,0.9,0,0.904,75.6,90.0,332.5,183.0,10.8,0.92,0.95,6.05,16.63,1980.0,795
328,328,100,0.9,0,0.932,75.6,90.0,332.5,183.0,10.8,0.92,0.95,6.05,16.63,1980.0,826
329,329,100,1.15,0,0.882,96.6,115.0,367.5,183.0,13.8,0.92,0.95,7.73,18.38,1980.0,913
330,330,100,1.15,0,0.924,96.6,115.0,367.5,183.0,13.8,0.92,0.95,7.73,18.38,1980.0,891
331,331,100,1.15,0,0.908,96.6,115.0,367.5,183.0,13.8,0.92,0.95,7.73,18.38,1980.0,862
332,332,100,1.15,0,0.886,96.6,115.0,367.5,183.0,13.8,0.92,0.95,7.73,18.38,1980.0,916
333,333,100,1.15,0,0.914,96.6,115.0,367.5,183.0,13.8,0.92,0.95,7.73,18.38,1980.0,905
334,334,100,0.9,0,0.956,75.6,90.0,332.5,183.0,10.8,0.92,0.95,6.05,16.63,1980.0,837
335,335,100,0.9,0,0.905,75.6,90.0,332.5,183.0,10.8,0.92,0.95,6.05,16.63,1980.0,770
336,336,100,1.15,0,0.849,96.6,115.0,367.5,183.0,13.8,0.92,0.95,7.73,18.38,1980.0,885
337,337,100,1.15,0,0.893,96.6,115.0,367.5,183.0,13.8,0.92,0.95,7.73,18.38,1980.0,896
338,338,100,1.15,0,0.924,96.6,115.0,367.5,183.0,13.8,0.92,0.95,7.73,18.38,1980.0,866
339,339,100,1.15,0,1.0,96.6,115.0,367.5,183.0,13.8,0.92,0.95,7.73,18.38,1980.0,910
340,340,100,1.15,0,0.902,96.6,115.0,367.5,183.0,13.8,0.92,0.95,7.73,18.38,1980.0,895
341,341,100,0.9,0,0.962,75.6,90.0,332.5,183.0,10.8,0.92,0.95,6.05,16.63,1980.0,814
342,342,100,0.9,0,0.951,75.6,90.0,332.5,183.0,10.8,0.92,0.95,6.05,16.63,1980.0,783
343,343,100,1.15,0,1.0,96.6,115.0,367.5,183.0,13.8,0.92,0.95,7.73,18.38,1980.0,870
344,344,100,1.15,0,0.878,96.6,115.0,367.5,183.0,13.8,0.92,0.95,7.73,18.38,1980.0,908
345,345,100,1.15,0,0.956,96.6,115.0,367.5,183.0,13.8,0.92,0.95,7.73,18.38,1980.0,933
346,346,100,1.15,0,0.838,96.6,115.0,367.5,183.0,13.8,0.92,0.95,7.73,18.38,1980.0,937
347,347,100,1.15,0,0.982,96.6,115.0,367.5,183.0,13.8,0.92,0.95,7.73,18.38,1980.0,929
348,348,100,0.9,0,0.935,75.6,90.0,332.5,183.0,10.8,0.92,0.95,6.05,16.63,1980.0,822
349,349,100,0.9,0,0.981,75.6,90.0,332.5,183.0,10.8,0.92,0.95,6.05,16.63,1980.0,787
350,350,100,1.15,0,0.911,96.6,115.0,367.5,183.0,13.8,0.92,0.95,7.73,18.38,1980.0,892
351,351,100,1.15,0,1.0,96.6,115.0,367.5,183.0,13.8,0.92,0.95,7.73,18.38,1980.0,909
352,352,100,1.15,0,0.91,96.6,115.0,367.5,183.0,13.8,0.92,0.95,7.73,18.38,1980.0,900
353,353,100,1.15,0,0.881,96.6,115.0,367.5,183.0,13.8,0.92,0.95,7.73,18.38,1980.0,899
354,354,100,1.15,0,0.82,96.6,115.0,367.5,183.0,13.8,0.92,0.95,7.73,18.38,1980.0,931
355,355,100,0.9,0,0.989,75.6,90.0,332.5,183.0,10.8,0.92,0.95,6.05,16.63,1980.0,803
356,356,100,0.9,0,0.883,75.6,90.0,332.5,183.0,10.8,0.92,0.95,6.05,16.63,1980.0,775
357,357,100,1.15,0,0.997,96.6,115.0,367.5,183.0,13.8,0.92,0.95,7.73,18.38,1980.0,893
358,358,100,1.15,0,0.91,96.6,115.0,367.5,183.0,13.8,0.92,0.95,7.73,18.38,1980.0,880
359,359,100,1.15,0,0.865,96.6,115.0,367.5,183.0,13.8,0.92,0.95,7.73,18.38,1980.0,931
360,360,100,1.15,0,0.981,96.6,115.0,367.5,183.0,13.8,0.92,0.95,7.73,18.38,1980.0,938
361,361,100,1.15,0,0.959,96.6,115.0,367.5,183.0,13.8,0.92,0.95,7.73,18.38,1980.0,870
362,362,100,0.9,0,0.847,75.6,90.0,332.5,183.0,10.8,0.92,0.95,6.05,16.63,1980.0,800
363,363,100,0.9,0,0.936,75.6,90.0,332.5,183.0,10.8,0.92,0.95,6.05,16.63,1980.0,789
364,364,100,1.15,0,0.883,96.6,115.0,367.5,183.0,13.8,0.92,0.95,7.73,18.38,1980.0,885
365,365,100,1.15,0,0.893,96.6,115.0,367.5,183.0,13.8,0.92,0.95,7.73,18.38,1980.0,912
366,366,100,1.15,0,0.932,96.6,115.0,367.5,183.0,13.8,0.92,0.95,7.73,18.38,1980.0,886
367,367,100,1.15,0,0.999,96.6,115.0,367.5,183.0,13.8,0.92,0.95,7.73,18.38,1980.0,890
368,368,100,1.15,0,0.818,96.6,115.0,367.5,183.0,13.8,0.92,0.95,7.73,18.38,1980.0,877
369,369,100,0.9,0,0.838,75.6,90.0,332.5,183.0,10.8,0.92,0.95,6.05,16.63,1980.0,822
370,370,100,0.9,0,1.0,75.6,90.0,332.5,183.0,10.8,0.92,0.95,6.05,16.63,1980.0,780
371,371,100,1.15,0,0.917,96.6,115.0,367.5,183.0,13.8,0.92,0.95,7.73,18.38,1980.0,897
372,372,100,1.15,0,0.941,96.6,115.0,367.5,183.0,13.8,0.92,0.95,7.73,18.38,1980.0,879
373,373,100,1.15,0,0.889,96.6,115.0,367.5,183.0,13.8,0.92,0.95,7.73,18.38,1980.0,871
374,374,100,1.15,0,0.883,96.6,115.0,367.5,183.0,13.8,0.92,0.95,7.73,18.38,1980.0,924
375,375,100,1.15,0,0.786,96.6,115.0,367.5,183.0,13.8,0.92,0.95,7.73,18.38,1980.0,900
376,376,100,0.9,0,0.985,75.6,90.0,332.5,183.0,10.8,0.92,0.95,6.05,16.63,1980.0,819
377,377,100,0.9,0,0.907,75.6,90.0,332.5,183.0,10.8,0.92,0.95,6.05,16.63,1980.0,774
378,378,100,1.15,0,0.992,96.6,115.0,367.5,183.0,13.8,0.92,0.95,7.73,18.38,1980.0,927
379,379,100,1.15,0,0.891,96.6,115.0,367.5,183.0,13.8,0.92,0.95,7.73,18.38,1980.0,903
380,380,100,1.15,0,0.93,96.6,115.0,367.5,183.0,13.8,0.92,0.95,7.73,18.38,1980.0,932
381,381,100,1.15,0,0.877,96.6,115.0,367.5,183.0,13.8,0.92,0.95,7.73,18.38,1980.0,913
382,382,100,1.15,0,0.936,96.6,115.0,367.5,183.0,13.8,0.92,0.95,7.73,18.38,1980.0,874
383,383,100,0.9,0,0.807,75.6,90.0,332.5,183.0,10.8,0.92,0.95,6.05,16.63,1980.0,772
384,384,100,0.9,0,0.906,75.6,90.0,332.5,183.0,10.8,0.92,0.95,6.05,16.63,1980.0,776
385,385,100,1.15,0,0.889,96.6,115.0,367.5,183.0,13.8,0.92,0.95,7.73,18.38,1980.0,873
386,386,100,1.15,0,0.889,96.6,115.0,367.5,183.0,13.8,0.92,0.95,7.73,18.38,1980.0,884
387,387,100,1.15,0,0.84,96.6,115.0,367.5,183.0,13.8,0.92,0.95,7.73,18.38,1980.0,873
388,388,100,1.15,0,0.974,96.6,115.0,367.5,183.0,13.8,0.92,0.95,7.73,18.38,1980.0,885
389,389,100,1.15,0,0.982,96.6,115.0,367.5,183.0,13.8,0.92,0.95,7.73,18.38,1980.0,920
390,390,100,0.9,0,0.888,75.6,90.0,332.5,183.0,10.8,0.92,0.95,6.05,16.63,1980.0,790
391,391,100,0.9,0,0.904,75.6,90.0,332.5,183.0,10.8,0.92,0.95,6.05,16.63,1980.0,779
392,392,100,1.15,0,0.968,96.6,115.0,367.5,183.0,13.8,0.92,0.95,7.73,18.38,1980.0,888
393,393,100,1.15,0,0.831,96.6,115.0,367.5,183.0,13.8,0.92,0.95,7.73,18.38,1980.0,892
394,394,100,1.15,0,0.911,96.6,115.0,367.5,183.0,13.8,0.92,0.95,7.73,18.38,1980.0,884
395,395,100,1.15,0,0.962,96.6,115.0,367.5,183.0,13.8,0.92,0.95,7.73,18.38,1980.0,868
396,396,100,1.15,0,0.865,96.6,115.0,367.5,183.0,13.8,0.92,0.95,7.73,18.38,1980.0,860
397,397,100,0.9,0,0.961,75.6,90.0,332.5,183.0,10.8,0.92,0.95,6.05,16.63,1980.0,812
398,398,100,0.9,0,0.937,75.6,90.0,332.5,183.0,10.8,0.92,0.95,6.05,16.63,1980.0,820
399,399,100,1.15,0,0.832,96.6,115.0,367.5,183.0,13.8,0.92,0.95,7.73,18.38,1980.0,935
400,400,100,1.15,0,0.956,96.6,115.0,367.5,183.0,13.8,0.92,0.95,7.73,18.38,1980.0,906
401,401,100,1.15,0,0.973,96.6,115.0,367.5,183.0,13.8,0.92,0.95,7.73,18.38,1980.0,915
402,402,100,1.15,0,0.937,96.6,115.0,367.5,183.0,13.8,0.92,0.95,7.73,18.38,1980.0,918
403,403,100,1.15,0,0.918,96.6,115.0,367.5,183.0,13.8,0.92,0.95,7.73,18.38,1980.0,893
404,404,100,0.9,0,0.899,75.6,90.0,332.5,183.0,10.8,0.92,0.95,6.05,16.63,1980.0,773
405,405,100,0.9,0,0.875,75.6,90.0,332.5,183.0,10.8,0.92,0.95,6.05,16.63,1980.0,800
406,406,100,1.15,0,0.844,96.6,115.0,367.5,183.0,13.8,0.92,0.95,7.73,18.38,1980.0,863
407,407,100,1.15,0,0.877,96.6,115.0,367.5,183.0,13.8,0.92,0.95,7.73,18.38,1980.0,931
408,408,100,1.15,0,0.967,96.6,115.0,367.5,183.0,13.8,0.92,0.95,7.73,18.38,1980.0,917
409,409,100,1.15,0,0.933,96.6,115.0,367.5,183.0,13.8,0.92,0.95,7.73,18.38,1980.0,872
410,410,100,1.15,0,0.901,96.6,115.0,367.5,183.0,13.8,0.92,0.95,7.73,18.38,1980.0,927
411,411,100,0.9,0,0.95,75.6,90.0,332.5,183.0,10.8,0.92,0.95,6.05,16.63,1980.0,761
412,412,100,0.9,0,0.932,75.6,90.0,332.5,183.0,10.8,0.92,0.95,6.05,16.63,1980.0,776
413,413,100,1.15,0,0.898,96.6,115.0,367.5,183.0,13.8,0.92,0.95,7.73,18.38,1980.0,866
414,414,100,1.15,0,1.0,96.6,115.0,367.5,183.0,13.8,0.92,0.95,7.73,18.38,1980.0,919
415,415,100,1.15,0,0.898,96.6,115.0,367.5,183.0,13.8,0.92,0.95,7.73,18.38,1980.0,913
416,416,100,1.15,0,0.894,96.6,115.0,367.5,183.0,13.8,0.92,0.95,7.73,18.38,1980.0,867
417,417,100,1.15,0,0.946,96.6,115.0,367.5,183.0,13.8,0.92,0.95,7.73,18.38,1980.0,906
418,418,100,0.9,0,0.857,75.6,90.0,332.5,183.0,10.8,0.92,0.95,6.05,16.63,1980.0,763
419,419,100,0.9,0,0.934,75.6,90.0,332.5,183.0,10.8,0.92,0.95,6.05,16.63,1980.0,836
420,420,100,1.15,0,0.933,96.6,115.0,367.5,183.0,13.8,0.92,0.95,7.73,18.38,1980.0,895
421,421,100,1.15,0,0.928,96.6,115.0,367.5,183.0,13.8,0.92,0.95,7.73,18.38,1980.0,919
422,422,100,1.15,0,0.941,96.6,115.0,367.5,183.0,13.8,0.92,0.95,7.73,18.38,1980.0,929
423,423,100,1.15,0,0.916,96.6,115.0,367.5,183.0,13.8,0.92,0.95,7.73,18.38,1980.0,919
424,424,100,1.15,0,0.857,96.6,115.0,367.5,183.0,13.8,0.92,0.95,7.73,18.38,1980.0,901
425,425,100,0.9,0,0.932,75.6,90.0,332.5,183.0,10.8,0.92,0.95,6.05,16.63,1980.0,824
426,426,100,0.9,0,0.808,75.6,90.0,332.5,183.0,10.8,0.92,0.95,6.05,16.63,1980.0,836
427,427,100,1.15,0,0.962,96.6,115.0,367.5,183.0,13.8,0.92,0.95,7.73,18.38,1980.0,902
428,428,100,1.15,0,0.828,96.6,115.0,367.5,183.0,13.8,0.92,0.95,7.73,18.38,1980.0,894
429,429,100,1.15,0,0.844,96.6,115.0,367.5,183.0,13.8,0.92,0.95,7.73,18.38,1980.0,934
430,430,100,1.15,0,0.946,96.6,115.0,367.5,183.0,13.8,0.92,0.95,7.73,18.38,1980.0,861
431,431,100,1.15,0,0.976,96.6,115.0,367.5,183.0,13.8,0.92,0.95,7.73,18.38,1980.0,933
432,432,100,0.9,0,0.854,75.6,90.0,332.5,183.0,10.8,0.92,0.95,6.05,16.63,1980.0,831
433,433,100,0.9,0,0.878,75.6,90.0,332.5,183.0,10.8,0.92,0.95,6.05,16.63,1980.0,783
434,434,100,1.15,0,0.921,96.6,115.0,367.5,183.0,13.8,0.92,0.95,7.73,18.38,1980.0,862
435,435,100,1.15,0,0.955,96.6,115.0,367.5,183.0,13.8,0.92,0.95,7.73,18.38,1980.0,884
436,436,100,1.15,0,0.934,96.6,115.0,367.5,183.0,13.8,0.92,0.95,7.73,18.38,1980.0,899
437,437,100,1.15,0,0.915,96.6,115.0,367.5,183.0,13.8,0.92,0.95,7.73,18.38,1980.0,897
438,438,100,1.15,0,0.874,96.6,115.0,367.5,183.0,13.8,0.92,0.95,7.73,18.38,1980.0,897
439,439,100,0.9,0,0.916,75.6,90.0,332.5,183.0,10.8,0.92,0.95,6.05,16.63,1980.0,773
440,440,100,0.9,0,0.907,75.6,90.0,332.5,183.0,10.8,0.92,0.95,6.05,16.63,1980.0,771
441,441,100,1.15,0,0.882,96.6,115.0,367.5,183.0,13.8,0.92,0.95,7.73,18.38,1980.0,924
442,442,100,1.15,0,1.0,96.6,115.0,367.5,183.0,13.8,0.92,0.95,7.73,18.38,1980.0,887
443,443,100,1.15,0,0.938,96.6,115.0,367.5,183.0,13.8,0.92,0.95,7.73,18.38,1980.0,938
444,444,100,1.15,0,0.933,96.6,115.0,367.5,183.0,13.8,0.92,0.95,7.73,18.38,1980.0,936
445,445,100,1.15,0,0.894,96.6,115.0,367.5,183.0,13.8,0.92,0.95,7.73,18.38,1980.0,870
446,446,100,0.9,0,0.945,75.6,90.0,332.5,183.0,10.8,0.92,0.95,6.05,16.63,1980.0,811
447,447,100,0.9,0,1.0,75.6,90.0,332.5,183.0,10.8,0.92,0.95,6.05,16.63,1980.0,765
448,448,100,1.15,0,0.992,96.6,115.0,367.5,183.0,13.8,0.92,0.95,7.73,18.38,1980.0,872
449,449,100,1.15,0,0.966,96.6,115.0,367.5,183.0,13.8,0.92,0.95,7.73,18.38,1980.0,911
450,450,100,1.15,0,0.845,96.6,115.0,367.5,183.0,13.8,0.92,0.95,7.73,18.38,1980.0,872
451,451,100,1.15,0,0.832,96.6,115.0,367.5,183.0,13.8,0.92,0.95,7.73,18.38,1980.0,921
452,452,100,1.15,0,0.925,96.6,115.0,367.5,183.0,13.8,0.92,0.95,7.73,18.38,1980.0,926
453,453,100,0.9,0,0.965,75.6,90.0,332.5,183.0,10.8,0.92,0.95,6.05,16.63,1980.0,807
454,454,100,0.9,0,0.924,75.6,90.0,332.5,183.0,10.8,0.92,0.95,6.05,16.63,1980.0,786
455,455,100,1.15,0,0.971,96.6,115.0,367.5,183.0,13.8,0.92,0.95,7.73,18.38,1980.0,909
456,456,100,1.15,0,0.901,96.6,115.0,367.5,183.0,13.8,0.92,0.95,7.73,18.38,1980.0,909
457,457,100,1.15,0,0.81,96.6,115.0,367.5,183.0,13.8,0.92,0.95,7.73,18.38,1980.0,925
458,458,100,1.15,0,0.964,96.6,115.0,367.5,183.0,13.8,0.92,0.95,7.73,18.38,1980.0,912
459,459,100,1.15,0,0.959,96.6,115.0,367.5,183.0,13.8,0.92,0.95,7.73,18.38,1980.0,898
460,460,100,0.9,0,0.895,75.6,90.0,332.5,183.0,10.8,0.92,0.95,6.05,16.63,1980.0,802
461,461,100,0.9,0,0.836,75.6,90.0,332.5,183.0,10.8,0.92,0.95,6.05,16.63,1980.0,787
462,462,100,1.15,0,0.901,96.6,115.0,367.5,183.0,13.8,0.92,0.95,7.73,18.38,1980.0,931
463,463,100,1.15,0,0.813,96.6,115.0,367.5,183.0,13.8,0.92,0.95,7.73,18.38,1980.0,898
464,464,100,1.15,0,0.968,96.6,115.0,367.5,183.0,13.8,0.92,0.95,7.73,18.38,1980.0,911
465,465,100,1.15,0,0.889,96.6,115.0,367.5,183.0,13.8,0.92,0.95,7.73,18.38,1980.0,906
466,466,100,1.15,0,0.944,96.6,115.0,367.5,183.0,13.8,0.92,0.95,7.73,18.38,1980.0,909
467,467,100,0.9,0,0.979,75.6,90.0,332.5,183.0,10.8,0.92,0.95,6.05,16.63,1980.0,763
468,468,100,0.9,0,0.931,75.6,90.0,332.5,183.0,10.8,0.92,0.95,6.05,16.63,1980.0,763
469,469,100,1.15,0,0.829,96.6,115.0,367.5,183.0,13.8,0.92,0.95,7.73,18.38,1980.0,907
470,470,100,1.15,0,0.915,96.6,115.0,367.5,183.0,13.8,0.92,0.95,7.73,18.38,1980.0,938
471,471,100,1.15,0,0.989,96.6,115.0,367.5,183.0,13.8,0.92,0.95,7.73,18.38,1980.0,862
472,472,100,1.15,0,0.893,96.6,115.0,367.5,183.0,13.8,0.92,0.95,7.73,18.38,1980.0,899
473,473,100,1.15,0,0.827,96.6,115.0,367.5,183.0,13.8,0.92,0.95,7.73,18.38,1980.0,872
474,474,100,0.9,0,0.928,75.6,90.0,332.5,183.0,10.8,0.92,0.95,6.05,16.63,1980.0,790
475,475,100,0.9,0,0.906,75.6,90.0,332.5,183.0,10.8,0.92,0.95,6.05,16.63,1980.0,770
476,476,100,1.15,0,0.984,96.6,115.0,367.5,183.0,13.8,0.92,0.95,7.73,18.38,1980.0,918
477,477,100,1.15,0,0.889,96.6,115.0,367.5,183.0,13.8,0.92,0.95,7.73,18.38,1980.0,870
478,478,100,1.15,0,0.88,96.6,115.0,367.5,183.0,13.8,0.92,0.95,7.73,18.38,1980.0,872
479,479,100,1.15,0,0.839,96.6,115.0,367.5,183.0,13.8,0.92,0.95,7.73,18.38,1980.0,927
480,480,100,1.15,0,0.887,96.6,115.0,367.5,183.0,13.8,0.92,0.95,7.73,18.38,1980.0,861
481,481,100,0.9,0,0.899,75.6,90.0,332.5,183.0,10.8,0.92,0.95,6.05,16.63,1980.0,781
482,482,100,0.9,0,0.916,75.6,90.0,332.5,183.0,10.8,0.92,0.95,6.05,16.63,1980.0,809
483,483,100,1.15,0,0.906,96.6,115.0,367.5,183.0,13.8,0.92,0.95,7.73,18.38,1980.0,884
484,484,100,1.15,0,0.87,96.6,115.0,367.5,183.0,13.8,0.92,0.95,7.73,18.38,1980.0,910
485,485,100,1.15,0,0.906,96.6,115.0,367.5,183.0,13.8,0.92,0.95,7.73,18.38,1980.0,926
486,486,100,1.15,0,0.941,96.6,115.0,367.5,183.0,13.8,0.92,0.95,7.73,18.38,1980.0,916
487,487,100,1.15,0,0.884,96.6,115.0,367.5,183.0,13.8,0.92,0.95,7.73,18.38,1980.0,927
488,488,100,0.9,0,1.0,75.6,90.0,332.5,183.0,10.8,0.92,0.95,6.05,16.63,1980.0,816
489,489,100,0.9,0,0.883,75.6,90.0,332.5,183.0,10.8,0.92,0.95,6.05,16.63,1980.0,838
490,490,100,1.15,0,0.891,96.6,115.0,367.5,183.0,13.8,0.92,0.95,7.73,18.38,1980.0,862
491,491,100,1.15,0,0.992,96.6,115.0,367.5,183.0,13.8,0.92,0.95,7.73,18.38,1980.0,895
492,492,100,1.15,0,0.961,96.6,115.0,367.5,183.0,13.8,0.92,0.95,7.73,18.38,1980.0,931
493,493,100,1.15,0,0.947,96.6,115.0,367.5,183.0,13.8,0.92,0.95,7.73,18.38,1980.0,900
494,494,100,1.15,0,0.956,96.6,115.0,367.5,183.0,13.8,0.92,0.95,7.73,18.38,1980.0,891
495,495,100,0.9,0,0.897,75.6,90.0,332.5,183.0,10.8,0.92,0.95,6.05,16.63,1980.0,792
496,496,100,0.9,0,0.961,75.6,90.0,332.5,183.0,10.8,0.92,0.95,6.05,16.63,1980.0,779
497,497,100,1.15,0,0.826,96.6,115.0,367.5,183.0,13.8,0.92,0.95,7.73,18.38,1980.0,921
498,498,100,1.15,0,0.852,96.6,115.0,367.5,183.0,13.8,0.92,0.95,7.73,18.38,1980.0,878
499,499,100,1.15,0,0.867,96.6,115.0,367.5,183.0,13.8,0.92,0.95,7.73,18.38,1980.0,938
500,500,100,1.15,0,0.925,96.6,115.0,367.5,183.0,13.8,0.92,0.95,7.73,18.38,1980.0,898
501,501,100,1.15,0,0.929,96.6,115.0,367.5,183.0,13.8,0.92,0.95,7.73,18.38,1980.0,917
502,502,100,0.9,0,1.0,75.6,90.0,332.5,183.0,10.8,0.92,0.95,6.05,16.63,1980.0,770
503,503,100,0.9,0,0.879,75.6,90.0,332.5,183.0,10.8,0.92,0.95,6.05,16.63,1980.0,760
504,504,100,1.15,0,0.848,96.6,115.0,367.5,183.0,13.8,0.92,0.95,7.73,18.38,1980.0,887
505,505,100,1.15,0,0.997,96.6,115.0,367.5,183.0,13.8,0.92,0.95,7.73,18.38,1980.0,878
506,506,100,1.15,0,0.864,96.6,115.0,367.5,183.0,13.8,0.92,0.95,7.73,18.38,1980.0,882
507,507,100,1.15,0,0.902,96.6,115.0,367.5,183.0,13.8,0.92,0.95,7.73,18.38,1980.0,865
508,508,100,1.15,0,0.891,96.6,115.0,367.5,183.0,13.8,0.92,0.95,7.73,18.38,1980.0,913
509,509,100,0.9,0,0.985,75.6,90.0,332.5,183.0,10.8,0.92,0.95,6.05,16.63,1980.0,764
510,510,100,0.9,0,0.931,75.6,90.0,332.5,183.0,10.8,0.92,0.95,6.05,16.63,1980.0,770
511,511,100,1.15,0,1.0,96.6,115.0,367.5,183.0,13.8,0.92,0.95,7.73,18.38,1980.0,915
512,512,100,1.15,0,0.88,96.6,115.0,367.5,183.0,13.8,0.92,0.95,7.73,18.38,1980.0,938
513,513,100,1.15,0,0.851,96.6,115.0,367.5,183.0,13.8,0.92,0.95,7.73,18.38,1980.0,923
514,514,100,1.15,0,0.997,96.6,115.0,367.5,183.0,13.8,0.92,0.95,7.73,18.38,1980.0,873
515,515,100,1.15,0,0.766,96.6,115.0,367.5,183.0,13.8,0.92,0.95,7.73,18.38,1980.0,913
516,516,100,0.9,0,0.853,75.6,90.0,332.5,183.0,10.8,0.92,0.95,6.05,16.63,1980.0,772
517,517,100,0.9,0,0.829,75.6,90.0,332.5,183.0,10.8,0.92,0.95,6.05,16.63,1980.0,809
518,518,100,1.15,0,0.915,96.6,115.0,367.5,183.0,13.8,0.92,0.95,7.73,18.38,1980.0,879
519,519,100,1.15,0,0.948,96.6,115.0,367.5,183.0,13.8,0.92,0.95,7.73,18.38,1980.0,872
520,520,100,1.15,0,1.0,96.6,115.0,367.5,183.0,13.8,0.92,0.95,7.73,18.38,1980.0,868
521,521,100,1.15,0,0.872,96.6,115.0,367.5,183.0,13.8,0.92,0.95,7.73,18.38,1980.0,900
522,522,100,1.15,0,0.876,96.6,115.0,367.5,183.0,13.8,0.92,0.95,7.73,18.38,1980.0,906
523,523,100,0.9,0,0.797,75.6,90.0,332.5,183.0,10.8,0.92,0.95,6.05,16.63,1980.0,767
524,524,100,0.9,0,0.932,75.6,90.0,332.5,183.0,10.8,0.92,0.95,6.05,16.63,1980.0,836
525,525,100,1.15,0,0.925,96.6,115.0,367.5,183.0,13.8,0.92,0.95,7.73,18.38,1980.0,936
526,526,100,1.15,0,0.986,96.6,115.0,367.5,183.0,13.8,0.92,0.95,7.73,18.38,1980.0,921
527,527,100,1.15,0,0.984,96.6,115.0,367.5,183.0,13.8,0.92,0.95,7.73,18.38,1980.0,919
528,528,100,1.15,0,0.93,96.6,115.0,367.5,183.0,13.8,0.92,0.95,7.73,18.38,1980.0,930
529,529,100,1.15,0,0.894,96.6,115.0,367.5,183.0,13.8,0.92,0.95,7.73,18.38,1980.0,939
530,530,100,0.9,0,1.0,75.6,90.0,332.5,183.0,10.8,0.92,0.95,6.05,16.63,1980.0,839
531,531,100,0.9,0,0.881,75.6,90.0,332.5,183.0,10.8,0.92,0.95,6.05,16.63,1980.0,835
532,532,100,1.15,0,1.0,96.6,115.0,367.5,183.0,13.8,0.92,0.95,7.73,18.38,1980.0,915
533,533,100,1.15,0,0.945,96.6,115.0,367.5,183.0,13.8,0.92,0.95,7.73,18.38,1980.0,893
534,534,100,1.15,0,0.868,96.6,115.0,367.5,183.0,13.8,0.92,0.95,7.73,18.38,1980.0,888
535,535,100,1.15,0,1.0,96.6,115.0,367.5,183.0,13.8,0.92,0.95,7.73,18.38,1980.0,916
536,536,100,1.15,0,0.937,96.6,115.0,367.5,183.0,13.8,0.92,0.95,7.73,18.38,1980.0,932
537,537,100,0.9,0,0.903,75.6,90.0,332.5,183.0,10.8,0.92,0.95,6.05,16.63,1980.0,760
538,538,100,0.9,0,0.912,75.6,90.0,332.5,183.0,10.8,0.92,0.95,6.05,16.63,1980.0,796
539,539,100,1.15,0,0.939,96.6,115.0,367.5,183.0,13.8,0.92,0.95,7.73,18.38,1980.0,906
540,540,100,1.15,0,0.886,96.6,115.0,367.5,183.0,13.8,0.92,0.95,7.73,18.38,1980.0,889
541,541,100,1.15,0,0.943,96.6,115.0,367.5,183.0,13.8,0.92,0.95,7.73,18.38,1980.0,886
542,542,100,1.15,0,0.99,96.6,115.0,367.5,183.0,13.8,0.92,0.95,7.73,18.38,1980.0,927
543,543,100,1.15,0,0.887,96.6,115.0,367.5,183.0,13.8,0.92,0.95,7.73,18.38,1980.0,918
544,544,100,0.9,0,0.909,75.6,90.0,332.5,183.0,10.8,0.92,0.95,6.05,16.63,1980.0,819
545,545,100,0.9,0,0.95,75.6,90.0,332.5,183.0,10.8,0.92,0.95,6.05,16.63,1980.0,798
546,546,100,1.15,0,0.956,96.6,115.0,367.5,183.0,13.8,0.92,0.95,7.73,18.38,1980.0,930
547,547,100,1.15,0,0.982,96.6,115.0,367.5,183.0,13.8,0.92,0.95,7.73,18.38,1980.0,890
548,548,100,1.15,0,0.889,96.6,115.0,367.5,183.0,13.8,0.92,0.95,7.73,18.38,1980.0,878
549,549,100,1.15,0,0.861,96.6,115.0,367.5,183.0,13.8,0.92,0.95,7.73,18.38,1980.0,920
550,550,100,1.15,0,0.912,96.6,115.0,367.5,183.0,13.8,0.92,0.95,7.73,18.38,1980.0,864
551,551,100,0.9,0,0.949,75.6,90.0,332.5,183.0,10.8,0.92,0.95,6.05,16.63,1980.0,764
552,552,100,0.9,0,0.9,75.6,90.0,332.5,183.0,10.8,0.92,0.95,6.05,16.63,1980.0,793
553,553,100,1.15,0,0.834,96.6,115.0,367.5,183.0,13.8,0.92,0.95,7.73,18.38,1980.0,885
554,554,100,1.15,0,0.947,96.6,115.0,367.5,183.0,13.8,0.92,0.95,7.73,18.38,1980.0,927
555,555,100,1.15,0,0.913,96.6,115.0,367.5,183.0,13.8,0.92,0.95,7.73,18.38,1980.0,918
556,556,100,1.15,0,0.978,96.6,115.0,367.5,183.0,13.8,0.92,0.95,7.73,18.38,1980.0,918
557,557,100,1.15,0,0.98,96.6,115.0,367.5,183.0,13.8,0.92,0.95,7.73,18.38,1980.0,871
558,558,100,0.9,0,0.869,75.6,90.0,332.5,183.0,10.8,0.92,0.95,6.05,16.63,1980.0,825
559,559,100,0.9,0,0.878,75.6,90.0,332.5,183.0,10.8,0.92,0.95,6.05,16.63,1980.0,761
560,560,100,1.15,0,0.993,96.6,115.0,367.5,183.0,13.8,0.92,0.95,7.73,18.38,1980.0,928
561,561,100,1.15,0,0.87,96.6,115.0,367.5,183.0,13.8,0.92,0.95,7.73,18.38,1980.0,914
562,562,100,1.15,0,0.982,96.6,115.0,367.5,183.0,13.8,0.92,0.95,7.73,18.38,1980.0,938
563,563,100,1.15,0,0.877,96.6,115.0,367.5,183.0,13.8,0.92,0.95,7.73,18.38,1980.0,906
564,564,100,1.15,0,0.946,96.6,115.0,367.5,183.0,13.8,0.92,0.95,7.73,18.38,1980.0,909
565,565,100,0.9,0,0.883,75.6,90.0,332.5,183.0,10.8,0.92,0.95,6.05,16.63,1980.0,791
566,566,100,0.9,0,0.913,75.6,90.0,332.5,183.0,10.8,0.92,0.95,6.05,16.63,1980.0,772
567,567,100,1.15,0,0.868,96.6,115.0,367.5,183.0,13.8,0.92,0.95,7.73,18.38,1980.0,909
568,568,100,1.15,0,0.919,96.6,115.0,367.5,183.0,13.8,0.92,0.95,7.73,18.38,1980.0,864
569,569,100,1.15,0,0.969,96.6,115.0,367.5,183.0,13.8,0.92,0.95,7.73,18.38,1980.0,862
570,570,100,1.15,0,0.857,96.6,115.0,367.5,183.0,13.8,0.92,0.95,7.73,18.38,1980.0,925
571,571,100,1.15,0,0.902,96.6,115.0,367.5,183.0,13.8,0.92,0.95,7.73,18.38,1980.0,884
572,572,100,0.9,0,0.884,75.6,90.0,332.5,183.0,10.8,0.92,0.95,6.05,16.63,1980.0,791
573,573,100,0.9,0,0.953,75.6,90.0,332.5,183.0,10.8,0.92,0.95,6.05,16.63,1980.0,811
574,574,100,1.15,0,0.94,96.6,115.0,367.5,183.0,13.8,0.92,0.95,7.73,18.38,1980.0,886
575,575,100,1.15,0,0.902,96.6,115.0,367.5,183.0,13.8,0.92,0.95,7.73,18.38,1980.0,869
576,576,100,1.15,0,0.906,96.6,115.0,367.5,183.0,13.8,0.92,0.95,7.73,18.38,1980.0,928
577,577,100,1.15,0,0.874,96.6,115.0,367.5,183.0,13.8,0.92,0.95,7.73,18.38,1980.0,936
578,578,100,1.15,0,1.0,96.6,115.0,367.5,183.0,13.8,0.92,0.95,7.73,18.38,1980.0,890
579,579,100,0.9,0,0.858,75.6,90.0,332.5,183.0,10.8,0.92,0.95,6.05,16.63,1980.0,793
580,580,100,0.9,0,0.951,75.6,90.0,332.5,183.0,10.8,0.92,0.95,6.05,16.63,1980.0,813
581,581,100,1.15,0,0.879,96.6,115.0,367.5,183.0,13.8,0.92,0.95,7.73,18.38,1980.0,863
582,582,100,1.15,0,0.943,96.6,115.0,367.5,183.0,13.8,0.92,0.95,7.73,18.38,1980.0,908
583,583,100,1.15,0,0.827,96.6,115.0,367.5,183.0,13.8,0.92,0.95,7.73,18.38,1980.0,889
584,584,100,1.15,0,0.896,96.6,115.0,367.5,183.0,13.8,0.92,0.95,7.73,18.38,1980.0,896
585,585,100,1.15,0,0.888,96.6,115.0,367.5,183.0,13.8,0.92,0.95,7.73,18.38,1980.0,874
586,586,100,0.9,0,0.944,75.6,90.0,332.5,183.0,10.8,0.92,0.95,6.05,16.63,1980.0,772
587,587,100,0.9,0,0.938,75.6,90.0,332.5,183.0,10.8,0.92,0.95,6.05,16.63,1980.0,794
588,588,100,1.15,0,0.934,96.6,115.0,367.5,183.0,13.8,0.92,0.95,7.73,18.38,1980.0,864
589,589,100,1.15,0,0.88,96.6,115.0,367.5,183.0,13.8,0.92,0.95,7.73,18.38,1980.0,887
590,590,100,1.15,0,0.977,96.6,115.0,367.5,183.0,13.8,0.92,0.95,7.73,18.38,1980.0,913
591,591,100,1.15,0,0.919,96.6,115.0,367.5,183.0,13.8,0.92,0.95,7.73,18.38,1980.0,909
592,592,100,1.15,0,0.935,96.6,115.0,367.5,183.0,13.8,0.92,0.95,7.73,18.38,1980.0,893
593,593,100,0.9,0,0.898,75.6,90.0,332.5,183.0,10.8,0.92,0.95,6.05,16.63,1980.0,788
594,594,100,0.9,0,0.928,75.6,90.0,332.5,183.0,10.8,0.92,0.95,6.05,16.63,1980.0,816
595,595,100,1.15,0,0.814,96.6,115.0,367.5,183.0,13.8,0.92,0.95,7.73,18.38,1980.0,906
596,596,100,1.15,0,0.89,96.6,115.0,367.5,183.0,13.8,0.92,0.95,7.73,18.38,1980.0,939
597,597,100,1.15,0,0.841,96.6,115.0,367.5,183.0,13.8,0.92,0.95,7.73,18.38,1980.0,931
598,598,100,1.15,0,0.945,96.6,115.0,367.5,183.0,13.8,0.92,0.95,7.73,18.38,1980.0,866
599,599,100,1.15,0,0.889,96.6,115.0,367.5,183.0,13.8,0.92,0.95,7.73,18.38,1980.0,927
600,600,100,0.9,0,0.91,75.6,90.0,332.5,183.0,10.8,0.92,0.95,6.05,16.63,1980.0,828
601,601,100,0.9,0,0.921,75.6,90.0,332.5,183.0,10.8,0.92,0.95,6.05,16.63,1980.0,768
602,602,100,1.15,0,0.914,96.6,115.0,367.5,183.0,13.8,0.92,0.95,7.73,18.38,1980.0,879
603,603,100,1.15,0,0.993,96.6,115.0,367.5,183.0,13.8,0.92,0.95,7.73,18.38,1980.0,900
604,604,100,1.15,0,0.879,96.6,115.0,367.5,183.0,13.8,0.92,0.95,7.73,18.38,1980.0,896
605,605,100,1.15,0,0.882,96.6,115.0,367.5,183.0,13.8,0.92,0.95,7.73,18.38,1980.0,893
606,606,100,1.15,0,0.921,96.6,115.0,367.5,183.0,13.8,0.92,0.95,7.73,18.38,1980.0,911
607,607,100,0.9,0,0.969,75.6,90.0,332.5,183.0,10.8,0.92,0.95,6.05,16.63,1980.0,824
608,608,100,0.9,0,0.897,75.6,90.0,332.5,183.0,10.8,0.92,0.95,6.05,16.63,1980.0,766
609,609,100,1.15,0,0.934,96.6,115.0,367.5,183.0,13.8,0.92,0.95,7.73,18.38,1980.0,908
610,610,100,1.15,0,0.926,96.6,115.0,367.5,183.0,13.8,0.92,0.95,7.73,18.38,1980.0,914
611,611,100,1.15,0,0.919,96.6,115.0,367.5,183.0,13.8,0.92,0.95,7.73,18.38,1980.0,930
612,612,100,1.15,0,0.876,96.6,115.0,367.5,183.0,13.8,0.92,0.95,7.73,18.38,1980.0,937
613,613,100,1.15,0,0.992,96.6,115.0,367.5,183.0,13.8,0.92,0.95,7.73,18.38,1980.0,920
614,614,100,0.9,0,0.889,75.6,90.0,332.5,183.0,10.8,0.92,0.95,6.05,16.63,1980.0,782
615,615,100,0.9,0,0.968,75.6,90.0,332.5,183.0,10.8,0.92,0.95,6.05,16.63,1980.0,839
616,616,100,1.15,0,0.882,96.6,115.0,367.5,183.0,13.8,0.92,0.95,7.73,18.38,1980.0,939
617,617,100,1.15,0,0.847,96.6,115.0,367.5,183.0,13.8,0.92,0.95,7.73,18.38,1980.0,933
618,618,100,1.15,0,0.941,96.6,115.0,367.5,183.0,13.8,0.92,0.95,7.73,18.38,1980.0,896
619,619,100,1.15,0,0.964,96.6,115.0,367.5,183.0,13.8,0.92,0.95,7.73,18.38,1980.0,894
620,620,100,1.15,0,0.922,96.6,115.0,367.5,183.0,13.8,0.92,0.95,7.73,18.38,1980.0,871
621,621,100,0.9,0,0.86,75.6,90.0,332.5,183.0,10.8,0.92,0.95,6.05,16.63,1980.0,797
622,622,100,0.9,0,0.93,75.6,90.0,332.5,183.0,10.8,0.92,0.95,6.05,16.63,1980.0,819
623,623,100,1.15,0,0.95,96.6,115.0,367.5,183.0,13.8,0.92,0.95,7.73,18.38,1980.0,895
624,624,100,1.15,0,0.876,96.6,115.0,367.5,183.0,13.8,0.92,0.95,7.73,18.38,1980.0,938
625,625,100,1.15,0,0.894,96.6,115.0,367.5,183.0,13.8,0.92,0.95,7.73,18.38,1980.0,880
626,626,100,1.15,0,0.93,96.6,115.0,367.5,183.0,13.8,0.92,0.95,7.73,18.38,1980.0,895
627,627,100,1.15,0,0.994,96.6,115.0,367.5,183.0,13.8,0.92,0.95,7.73,18.38,1980.0,896
628,628,100,0.9,0,0.89,75.6,90.0,332.5,183.0,10.8,0.92,0.95,6.05,16.63,1980.0,764
629,629,100,0.9,0,0.862,75.6,90.0,332.5,183.0,10.8,0.92,0.95,6.05,16.63,1980.0,783
630,630,100,1.15,0,0.837,96.6,115.0,367.5,183.0,13.8,0.92,0.95,7.73,18.38,1980.0,889
631,631,100,1.15,0,0.952,96.6,115.0,367.5,183.0,13.8,0.92,0.95,7.73,18.38,1980.0,939
632,632,100,1.15,0,0.963,96.6,115.0,367.5,183.0,13.8,0.92,0.95,7.73,18.38,1980.0,895
633,633,100,1.15,0,0.979,96.6,115.0,367.5,183.0,13.8,0.92,0.95,7.73,18.38,1980.0,872
634,634,100,1.15,0,0.937,96.6,115.0,367.5,183.0,13.8,0.92,0.95,7.73,18.38,1980.0,883
635,635,100,0.9,0,1.0,75.6,90.0,332.5,183.0,10.8,0.92,0.95,6.05,16.63,1980.0,776
636,636,100,0.9,0,0.878,75.6,90.0,332.5,183.0,10.8,0.92,0.95,6.05,16.63,1980.0,795
637,637,100,1.15,0,0.945,96.6,115.0,367.5,183.0,13.8,0.92,0.95,7.73,18.38,1980.0,914
638,638,100,1.15,0,0.973,96.6,115.0,367.5,183.0,13.8,0.92,0.95,7.73,18.38,1980.0,918
639,639,100,1.15,0,0.937,96.6,115.0,367.5,183.0,13.8,0.92,0.95,7.73,18.38,1980.0,890
640,640,100,1.15,0,0.889,96.6,115.0,367.5,183.0,13.8,0.92,0.95,7.73,18.38,1980.0,875
641,641,100,1.15,0,0.856,96.6,115.0,367.5,183.0,13.8,0.92,0.95,7.73,18.38,1980.0,873
642,642,100,0.9,0,0.983,75.6,90.0,332.5,183.0,10.8,0.92,0.95,6.05,16.63,1980.0,777
643,643,100,0.9,0,0.975,75.6,90.0,332.5,183.0,10.8,0.92,0.95,6.05,16.63,1980.0,788
644,644,100,1.15,0,0.816,96.6,115.0,367.5,183.0,13.8,0.92,0.95,7.73,18.38,1980.0,922
645,645,100,1.15,0,0.969,96.6,115.0,367.5,183.0,13.8,0.92,0.95,7.73,18.38,1980.0,883
646,646,100,1.15,0,0.864,96.6,115.0,367.5,183.0,13.8,0.92,0.95,7.73,18.38,1980.0,884
647,647,100,1.15,0,0.927,96.6,115.0,367.5,183.0,13.8,0.92,0.95,7.73,18.38,1980.0,935
648,648,100,1.15,0,0.896,96.6,115.0,367.5,183.0,13.8,0.92,0.95,7.73,18.38,1980.0,873
649,649,100,0.9,0,0.85,75.6,90.0,332.5,183.0,10.8,0.92,0.95,6.05,16.63,1980.0,768
650,650,100,0.9,0,1.0,75.6,90.0,332.5,183.0,10.8,0.92,0.95,6.05,16.63,1980.0,823
651,651,100,1.15,0,0.898,96.6,115.0,367.5,183.0,13.8,0.92,0.95,7.73,18.38,1980.0,916
652,652,100,1.15,0,0.941,96.6,115.0,367.5,183.0,13.8,0.92,0.95,7.73,18.38,1980.0,866
653,653,100,1.15,0,0.896,96.6,115.0,367.5,183.0,13.8,0.92,0.95,7.73,18.38,1980.0,911
654,654,100,1.15,0,0.967,96.6,115.0,367.5,183.0,13.8,0.92,0.95,7.73,18.38,1980.0,909
655,655,100,1.15,0,0.936,96.6,115.0,367.5,183.0,13.8,0.92,0.95,7.73,18.38,1980.0,871
656,656,100,0.9,0,0.899,75.6,90.0,332.5,183.0,10.8,0.92,0.95,6.05,16.63,1980.0,810
657,657,100,0.9,0,0.977,75.6,90.0,332.5,183.0,10.8,0.92,0.95,6.05,16.63,1980.0,765
658,658,100,1.15,0,0.884,96.6,115.0,367.5,183.0,13.8,0.92,0.95,7.73,18.38,1980.0,868
659,659,100,1.15,0,0.902,96.6,115.0,367.5,183.0,13.8,0.92,0.95,7.73,18.38,1980.0,907
660,660,100,1.15,0,0.916,96.6,115.0,367.5,183.0,13.8,0.92,0.95,7.73,18.38,1980.0,882
661,661,100,1.15,0,0.897,96.6,115.0,367.5,183.0,13.8,0.92,0.95,7.73,18.38,1980.0,909
662,662,100,1.15,0,0.919,96.6,115.0,367.5,183.0,13.8,0.92,0.95,7.73,18.38,1980.0,865
663,663,100,0.9,0,0.975,75.6,90.0,332.5,183.0,10.8,0.92,0.95,6.05,16.63,1980.0,795
664,664,100,0.9,0,0.855,75.6,90.0,332.5,183.0,10.8,0.92,0.95,6.05,16.63,1980.0,813
665,665,100,1.15,0,0.927,96.6,115.0,367.5,183.0,13.8,0.92,0.95,7.73,18.38,1980.0,913
666,666,100,1.15,0,1.0,96.6,115.0,367.5,183.0,13.8,0.92,0.95,7.73,18.38,1980.0,927
667,667,100,1.15,0,0.85,96.6,115.0,367.5,183.0,13.8,0.92,0.95,7.73,18.38,1980.0,870
668,668,100,1.15,0,0.857,96.6,115.0,367.5,183.0,13.8,0.92,0.95,7.73,18.38,1980.0,905
669,669,100,1.15,0,0.795,96.6,115.0,367.5,183.0,13.8,0.92,0.95,7.73,18.38,1980.0,882
670,670,100,0.9,0,0.852,75.6,90.0,332.5,183.0,10.8,0.92,0.95,6.05,16.63,1980.0,765
671,671,100,0.9,0,1.0,75.6,90.0,332.5,183.0,10.8,0.92,0.95,6.05,16.63,1980.0,838
672,672,100,1.15,0,0.915,96.6,115.0,367.5,183.0,13.8,0.92,0.95,7.73,18.38,1980.0,912
673,673,100,1.15,0,0.971,96.6,115.0,367.5,183.0,13.8,0.92,0.95,7.73,18.38,1980.0,934
674,674,100,1.15,0,0.985,96.6,115.0,367.5,183.0,13.8,0.92,0.95,7.73,18.38,1980.0,870
675,675,100,1.15,0,0.951,96.6,115.0,367.5,183.0,13.8,0.92,0.95,7.73,18.38,1980.0,933
676,676,100,1.15,0,0.985,96.6,115.0,367.5,183.0,13.8,0.92,0.95,7.73,18.38,1980.0,899
677,677,100,0.9,0,0.885,75.6,90.0,332.5,183.0,10.8,0.92,0.95,6.05,16.63,1980.0,771
678,678,100,0.9,0,0.894,75.6,90.0,332.5,183.0,10.8,0.92,0.95,6.05,16.63,1980.0,765
679,679,100,1.15,0,0.881,96.6,115.0,367.5,183.0,13.8,0.92,0.95,7.73,18.38,1980.0,917
680,680,100,1.15,0,0.951,96.6,115.0,367.5,183.0,13.8,0.92,0.95,7.73,18.38,1980.0,925
681,681,100,1.15,0,0.844,96.6,115.0,367.5,183.0,13.8,0.92,0.95,7.73,18.38,1980.0,892
682,682,100,1.15,0,0.937,96.6,115.0,367.5,183.0,13.8,0.92,0.95,7.73,18.38,1980.0,890
683,683,100,1.15,0,0.911,96.6,115.0,367.5,183.0,13.8,0.92,0.95,7.73,18.38,1980.0,886
684,684,100,0.9,0,0.916,75.6,90.0,332.5,183.0,10.8,0.92,0.95,6.05,16.63,1980.0,764
685,685,100,0.9,0,0.979,75.6,90.0,332.5,183.0,10.8,0.92,0.95,6.05,16.63,1980.0,798
686,686,100,1.15,0,0.947,96.6,115.0,367.5,183.0,13.8,0.92,0.95,7.73,18.38,1980.0,865
687,687,100,1.15,0,0.979,96.6,115.0,367.5,183.0,13.8,0.92,0.95,7.73,18.38,1980.0,868
688,688,100,1.15,0,0.914,96.6,115.0,367.5,183.0,13.8,0.92,0.95,7.73,18.38,1980.0,873
689,689,100,1.15,0,0.926,96.6,115.0,367.5,183.0,13.8,0.92,0.95,7.73,18.38,1980.0,896
690,690,100,1.15,0,1.0,96.6,115.0,367.5,183.0,13.8,0.92,0.95,7.73,18.38,1980.0,870
691,691,100,0.9,0,0.938,75.6,90.0,332.5,183.0,10.8,0.92,0.95,6.05,16.63,1980.0,782
692,692,100,0.9,0,1.0,75.6,90.0,332.5,183.0,10.8,0.92,0.95,6.05,16.63,1980.0,817
693,693,100,1.15,0,0.903,96.6,115.0,367.5,183.0,13.8,0.92,0.95,7.73,18.38,1980.0,901
694,694,100,1.15,0,0.812,96.6,115.0,367.5,183.0,13.8,0.92,0.95,7.73,18.38,1980.0,908
695,695,100,1.15,0,0.93,96.6,115.0,367.5,183.0,13.8,0.92,0.95,7.73,18.38,1980.0,931
696,696,100,1.15,0,0.969,96.6,115.0,367.5,183.0,13.8,0.92,0.95,7.73,18.38,1980.0,860
697,697,100,1.15,0,0.877,96.6,115.0,367.5,183.0,13.8,0.92,0.95,7.73,18.38,1980.0,880
698,698,100,0.9,0,0.94,75.6,90.0,332.5,183.0,10.8,0.92,0.95,6.05,16.63,1980.0,839
699,699,100,0.9,0,0.985,75.6,90.0,332.5,183.0,10.8,0.92,0.95,6.05,16.63,1980.0,836
700,700,100,1.15,0,0.992,96.6,115.0,367.5,183.0,13.8,0.92,0.95,7.73,18.38,1980.0,887
701,701,100,1.15,0,0.878,96.6,115.0,367.5,183.0,13.8,0.92,0.95,7.73,18.38,1980.0,868
702,702,100,1.15,0,0.938,96.6,115.0,367.5,183.0,13.8,0.92,0.95,7.73,18.38,1980.0,934
703,703,100,1.15,0,0.917,96.6,115.0,367.5,183.0,13.8,0.92,0.95,7.73,18.38,1980.0,938
704,704,100,1.15,0,0.94,96.6,115.0,367.5,183.0,13.8,0.92,0.95,7.73,18.38,1980.0,879
705,705,100,0.9,0,0.842,75.6,90.0,332.5,183.0,10.8,0.92,0.95,6.05,16.63,1980.0,786
706,706,100,0.9,0,0.903,75.6,90.0,332.5,183.0,10.8,0.92,0.95,6.05,16.63,1980.0,797
707,707,100,1.15,0,0.932,96.6,115.0,367.5,183.0,13.8,0.92,0.95,7.73,18.38,1980.0,915
708,708,100,1.15,0,0.886,96.6,115.0,367.5,183.0,13.8,0.92,0.95,7.73,18.38,1980.0,889
709,709,100,1.15,0,0.917,96.6,115.0,367.5,183.0,13.8,0.92,0.95,7.73,18.38,1980.0,880
710,710,100,1.15,0,0.922,96.6,115.0,367.5,183.0,13.8,0.92,0.95,7.73,18.38,1980.0,867
711,711,100,1.15,0,0.939,96.6,115.0,367.5,183.0,13.8,0.92,0.95,7.73,18.38,1980.0,916
712,712,100,0.9,0,0.908,75.6,90.0,332.5,183.0,10.8,0.92,0.95,6.05,16.63,1980.0,815
713,713,100,0.9,0,0.893,75.6,90.0,332.5,183.0,10.8,0.92,0.95,6.05,16.63,1980.0,812
714,714,100,1.15,0,0.866,96.6,115.0,367.5,183.0,13.8,0.92,0.95,7.73,18.38,1980.0,925
715,715,100,1.15,0,0.887,96.6,115.0,367.5,183.0,13.8,0.92,0.95,7.73,18.38,1980.0,896
716,716,100,1.15,0,0.869,96.6,115.0,367.5,183.0,13.8,0.92,0.95,7.73,18.38,1980.0,901
717,717,100,1.15,0,0.964,96.6,115.0,367.5,183.0,13.8,0.92,0.95,7.73,18.38,1980.0,906
718,718,100,1.15,0,0.911,96.6,115.0,367.5,183.0,13.8,0.92,0.95,7.73,18.38,1980.0,866
719,719,100,0.9,0,0.897,75.6,90.0,332.5,183.0,10.8,0.92,0.95,6.05,16.63,1980.0,828
720,720,100,0.9,0,0.944,75.6,90.0,332.5,183.0,10.8,0.92,0.95,6.05,16.63,1980.0,836
721,721,100,1.15,0,0.818,96.6,115.0,367.5,183.0,13.8,0.92,0.95,7.73,18.38,1980.0,872
722,722,100,1.15,0,0.902,96.6,115.0,367.5,183.0,13.8,0.92,0.95,7.73,18.38,1980.0,898
723,723,100,1.15,0,0.864,96.6,115.0,367.5,183.0,13.8,0.92,0.95,7.73,18.38,1980.0,912
724,724,100,1.15,0,0.891,96.6,115.0,367.5,183.0,13.8,0.92,0.95,7.73,18.38,1980.0,904
725,725,100,1.15,0,0.904,96.6,115.0,367.5,183.0,13.8,0.92,0.95,7.73,18.38,1980.0,908
726,726,100,0.9,0,0.933,75.6,90.0,332.5,183.0,10.8,0.92,0.95,6.05,16.63,1980.0,821
727,727,100,0.9,0,0.939,75.6,90.0,332.5,183.0,10.8,0.92,0.95,6.05,16.63,1980.0,818
728,728,100,1.15,0,0.81,96.6,115.0,367.5,183.0,13.8,0.92,0.95,7.73,18.38,1980.0,895
729,729,100,1.15,0,0.915,96.6,115.0,367.5,183.0,13.8,0.92,0.95,7.73,18.38,1980.0,864
